admission_id,date,status
PRAHITHAEDUCATIONAL-2026-0001,2026-03-07,Present
PRAHITHAEDUCATIONAL-2026-0001,2026-03-06,Present
PRAHITHAEDUCATIONAL-2026-0001,2026-03-05,Present
PRAHITHAEDUCATIONAL-2026-0001,2026-03-04,Present
PRAHITHAEDUCATIONAL-2026-0001,2026-03-03,Present
PRAHITHAEDUCATIONAL-2026-0001,2026-03-02,Present
PRAHITHAEDUCATIONAL-2026-0001,2026-03-01,Present
PRAHITHAEDUCATIONAL-2026-0001,2026-02-28,Present
PRAHITHAEDUCATIONAL-2026-0001,2026-02-27,Present
PRAHITHAEDUCATIONAL-2026-0001,2026-02-26,Present
PRAHITHAEDUCATIONAL-2026-0001,2026-02-25,Absent
PRAHITHAEDUCATIONAL-2026-0001,2026-02-24,Present
PRAHITHAEDUCATIONAL-2026-0001,2026-02-23,Present
PRAHITHAEDUCATIONAL-2026-0001,2026-02-22,Absent
PRAHITHAEDUCATIONAL-2026-0002,2026-03-07,Present
PRAHITHAEDUCATIONAL-2026-0002,2026-03-06,Present
PRAHITHAEDUCATIONAL-2026-0002,2026-03-05,Absent
PRAHITHAEDUCATIONAL-2026-0002,2026-03-04,Present
PRAHITHAEDUCATIONAL-2026-0002,2026-03-03,Present
PRAHITHAEDUCATIONAL-2026-0002,2026-03-02,Present
PRAHITHAEDUCATIONAL-2026-0002,2026-03-01,Present
PRAHITHAEDUCATIONAL-2026-0002,2026-02-28,Present
PRAHITHAEDUCATIONAL-2026-0002,2026-02-27,Present
PRAHITHAEDUCATIONAL-2026-0002,2026-02-26,Present
PRAHITHAEDUCATIONAL-2026-0002,2026-02-25,Present
PRAHITHAEDUCATIONAL-2026-0002,2026-02-24,Present
PRAHITHAEDUCATIONAL-2026-0002,2026-02-23,Late
PRAHITHAEDUCATIONAL-2026-0002,2026-02-22,Absent
PRAHITHAEDUCATIONAL-2026-0003,2026-03-07,Absent
PRAHITHAEDUCATIONAL-2026-0003,2026-03-06,Absent
PRAHITHAEDUCATIONAL-2026-0003,2026-03-05,Present
PRAHITHAEDUCATIONAL-2026-0003,2026-03-04,Present
PRAHITHAEDUCATIONAL-2026-0003,2026-03-03,Present
PRAHITHAEDUCATIONAL-2026-0003,2026-03-02,Present
PRAHITHAEDUCATIONAL-2026-0003,2026-03-01,Present
PRAHITHAEDUCATIONAL-2026-0003,2026-02-28,Present
PRAHITHAEDUCATIONAL-2026-0003,2026-02-27,Present
PRAHITHAEDUCATIONAL-2026-0003,2026-02-26,Present
PRAHITHAEDUCATIONAL-2026-0003,2026-02-25,Present
PRAHITHAEDUCATIONAL-2026-0003,2026-02-24,Present
PRAHITHAEDUCATIONAL-2026-0003,2026-02-23,Present
PRAHITHAEDUCATIONAL-2026-0003,2026-02-22,Present
PRAHITHAEDUCATIONAL-2026-0004,2026-03-07,Absent
PRAHITHAEDUCATIONAL-2026-0004,2026-03-06,Absent
PRAHITHAEDUCATIONAL-2026-0004,2026-03-05,Present
PRAHITHAEDUCATIONAL-2026-0004,2026-03-04,Present
PRAHITHAEDUCATIONAL-2026-0004,2026-03-03,Present
PRAHITHAEDUCATIONAL-2026-0004,2026-03-02,Present
PRAHITHAEDUCATIONAL-2026-0004,2026-03-01,Present
PRAHITHAEDUCATIONAL-2026-0004,2026-02-28,Present
PRAHITHAEDUCATIONAL-2026-0004,2026-02-27,Present
PRAHITHAEDUCATIONAL-2026-0004,2026-02-26,Present
PRAHITHAEDUCATIONAL-2026-0004,2026-02-25,Present
PRAHITHAEDUCATIONAL-2026-0004,2026-02-24,Present
PRAHITHAEDUCATIONAL-2026-0004,2026-02-23,Present
PRAHITHAEDUCATIONAL-2026-0004,2026-02-22,Present
PRAHITHAEDUCATIONAL-2026-0005,2026-03-07,Present
PRAHITHAEDUCATIONAL-2026-0005,2026-03-06,Present
PRAHITHAEDUCATIONAL-2026-0005,2026-03-05,Present
PRAHITHAEDUCATIONAL-2026-0005,2026-03-04,Present
PRAHITHAEDUCATIONAL-2026-0005,2026-03-03,Present
PRAHITHAEDUCATIONAL-2026-0005,2026-03-02,Present
PRAHITHAEDUCATIONAL-2026-0005,2026-03-01,Present
PRAHITHAEDUCATIONAL-2026-0005,2026-02-28,Present
PRAHITHAEDUCATIONAL-2026-0005,2026-02-27,Present
PRAHITHAEDUCATIONAL-2026-0005,2026-02-26,Present
PRAHITHAEDUCATIONAL-2026-0005,2026-02-25,Absent
PRAHITHAEDUCATIONAL-2026-0005,2026-02-24,Present
PRAHITHAEDUCATIONAL-2026-0005,2026-02-23,Present
PRAHITHAEDUCATIONAL-2026-0005,2026-02-22,Present
PRAHITHAEDUCATIONAL-2026-0006,2026-03-07,Present
PRAHITHAEDUCATIONAL-2026-0006,2026-03-06,Present
PRAHITHAEDUCATIONAL-2026-0006,2026-03-05,Present
PRAHITHAEDUCATIONAL-2026-0006,2026-03-04,Absent
PRAHITHAEDUCATIONAL-2026-0006,2026-03-03,Present
PRAHITHAEDUCATIONAL-2026-0006,2026-03-02,Present
PRAHITHAEDUCATIONAL-2026-0006,2026-03-01,Present
PRAHITHAEDUCATIONAL-2026-0006,2026-02-28,Present
PRAHITHAEDUCATIONAL-2026-0006,2026-02-27,Present
PRAHITHAEDUCATIONAL-2026-0006,2026-02-26,Present
PRAHITHAEDUCATIONAL-2026-0006,2026-02-25,Present
PRAHITHAEDUCATIONAL-2026-0006,2026-02-24,Present
PRAHITHAEDUCATIONAL-2026-0006,2026-02-23,Present
PRAHITHAEDUCATIONAL-2026-0006,2026-02-22,Present
PRAHITHAEDUCATIONAL-2026-0007,2026-03-07,Present
PRAHITHAEDUCATIONAL-2026-0007,2026-03-06,Present
PRAHITHAEDUCATIONAL-2026-0007,2026-03-05,Present
PRAHITHAEDUCATIONAL-2026-0007,2026-03-04,Absent
PRAHITHAEDUCATIONAL-2026-0007,2026-03-03,Present
PRAHITHAEDUCATIONAL-2026-0007,2026-03-02,Present
PRAHITHAEDUCATIONAL-2026-0007,2026-03-01,Absent
PRAHITHAEDUCATIONAL-2026-0007,2026-02-28,Present
PRAHITHAEDUCATIONAL-2026-0007,2026-02-27,Absent
PRAHITHAEDUCATIONAL-2026-0007,2026-02-26,Absent
PRAHITHAEDUCATIONAL-2026-0007,2026-02-25,Present
PRAHITHAEDUCATIONAL-2026-0007,2026-02-24,Present
PRAHITHAEDUCATIONAL-2026-0007,2026-02-23,Present
PRAHITHAEDUCATIONAL-2026-0007,2026-02-22,Present
PRAHITHAEDUCATIONAL-2026-0008,2026-03-07,Present
PRAHITHAEDUCATIONAL-2026-0008,2026-03-06,Present
PRAHITHAEDUCATIONAL-2026-0008,2026-03-05,Present
PRAHITHAEDUCATIONAL-2026-0008,2026-03-04,Present
PRAHITHAEDUCATIONAL-2026-0008,2026-03-03,Present
PRAHITHAEDUCATIONAL-2026-0008,2026-03-02,Present
PRAHITHAEDUCATIONAL-2026-0008,2026-03-01,Present
PRAHITHAEDUCATIONAL-2026-0008,2026-02-28,Present
PRAHITHAEDUCATIONAL-2026-0008,2026-02-27,Present
PRAHITHAEDUCATIONAL-2026-0008,2026-02-26,Absent
PRAHITHAEDUCATIONAL-2026-0008,2026-02-25,Absent
PRAHITHAEDUCATIONAL-2026-0008,2026-02-24,Present
PRAHITHAEDUCATIONAL-2026-0008,2026-02-23,Present
PRAHITHAEDUCATIONAL-2026-0008,2026-02-22,Absent
PRAHITHAEDUCATIONAL-2026-0009,2026-03-07,Present
PRAHITHAEDUCATIONAL-2026-0009,2026-03-06,Present
PRAHITHAEDUCATIONAL-2026-0009,2026-03-05,Absent
PRAHITHAEDUCATIONAL-2026-0009,2026-03-04,Absent
PRAHITHAEDUCATIONAL-2026-0009,2026-03-03,Present
PRAHITHAEDUCATIONAL-2026-0009,2026-03-02,Present
PRAHITHAEDUCATIONAL-2026-0009,2026-03-01,Present
PRAHITHAEDUCATIONAL-2026-0009,2026-02-28,Present
PRAHITHAEDUCATIONAL-2026-0009,2026-02-27,Present
PRAHITHAEDUCATIONAL-2026-0009,2026-02-26,Present
PRAHITHAEDUCATIONAL-2026-0009,2026-02-25,Present
PRAHITHAEDUCATIONAL-2026-0009,2026-02-24,Present
PRAHITHAEDUCATIONAL-2026-0009,2026-02-23,Present
PRAHITHAEDUCATIONAL-2026-0009,2026-02-22,Absent
PRAHITHAEDUCATIONAL-2026-0010,2026-03-07,Present
PRAHITHAEDUCATIONAL-2026-0010,2026-03-06,Present
PRAHITHAEDUCATIONAL-2026-0010,2026-03-05,Present
PRAHITHAEDUCATIONAL-2026-0010,2026-03-04,Present
PRAHITHAEDUCATIONAL-2026-0010,2026-03-03,Present
PRAHITHAEDUCATIONAL-2026-0010,2026-03-02,Present
PRAHITHAEDUCATIONAL-2026-0010,2026-03-01,Present
PRAHITHAEDUCATIONAL-2026-0010,2026-02-28,Present
PRAHITHAEDUCATIONAL-2026-0010,2026-02-27,Absent
PRAHITHAEDUCATIONAL-2026-0010,2026-02-26,Present
PRAHITHAEDUCATIONAL-2026-0010,2026-02-25,Present
PRAHITHAEDUCATIONAL-2026-0010,2026-02-24,Present
PRAHITHAEDUCATIONAL-2026-0010,2026-02-23,Present
PRAHITHAEDUCATIONAL-2026-0010,2026-02-22,Present
PRAHITHAEDUCATIONAL-2026-0011,2026-03-07,Present
PRAHITHAEDUCATIONAL-2026-0011,2026-03-06,Present
PRAHITHAEDUCATIONAL-2026-0011,2026-03-05,Late
PRAHITHAEDUCATIONAL-2026-0011,2026-03-04,Present
PRAHITHAEDUCATIONAL-2026-0011,2026-03-03,Present
PRAHITHAEDUCATIONAL-2026-0011,2026-03-02,Absent
PRAHITHAEDUCATIONAL-2026-0011,2026-03-01,Present
PRAHITHAEDUCATIONAL-2026-0011,2026-02-28,Absent
PRAHITHAEDUCATIONAL-2026-0011,2026-02-27,Present
PRAHITHAEDUCATIONAL-2026-0011,2026-02-26,Present
PRAHITHAEDUCATIONAL-2026-0011,2026-02-25,Present
PRAHITHAEDUCATIONAL-2026-0011,2026-02-24,Present
PRAHITHAEDUCATIONAL-2026-0011,2026-02-23,Present
PRAHITHAEDUCATIONAL-2026-0011,2026-02-22,Late
PRAHITHAEDUCATIONAL-2026-0012,2026-03-07,Present
PRAHITHAEDUCATIONAL-2026-0012,2026-03-06,Present
PRAHITHAEDUCATIONAL-2026-0012,2026-03-05,Present
PRAHITHAEDUCATIONAL-2026-0012,2026-03-04,Present
PRAHITHAEDUCATIONAL-2026-0012,2026-03-03,Present
PRAHITHAEDUCATIONAL-2026-0012,2026-03-02,Present
PRAHITHAEDUCATIONAL-2026-0012,2026-03-01,Present
PRAHITHAEDUCATIONAL-2026-0012,2026-02-28,Absent
PRAHITHAEDUCATIONAL-2026-0012,2026-02-27,Present
PRAHITHAEDUCATIONAL-2026-0012,2026-02-26,Present
PRAHITHAEDUCATIONAL-2026-0012,2026-02-25,Present
PRAHITHAEDUCATIONAL-2026-0012,2026-02-24,Present
PRAHITHAEDUCATIONAL-2026-0012,2026-02-23,Absent
PRAHITHAEDUCATIONAL-2026-0012,2026-02-22,Present
PRAHITHAEDUCATIONAL-2026-0013,2026-03-07,Present
PRAHITHAEDUCATIONAL-2026-0013,2026-03-06,Absent
PRAHITHAEDUCATIONAL-2026-0013,2026-03-05,Present
PRAHITHAEDUCATIONAL-2026-0013,2026-03-04,Present
PRAHITHAEDUCATIONAL-2026-0013,2026-03-03,Present
PRAHITHAEDUCATIONAL-2026-0013,2026-03-02,Present
PRAHITHAEDUCATIONAL-2026-0013,2026-03-01,Present
PRAHITHAEDUCATIONAL-2026-0013,2026-02-28,Late
PRAHITHAEDUCATIONAL-2026-0013,2026-02-27,Present
PRAHITHAEDUCATIONAL-2026-0013,2026-02-26,Absent
PRAHITHAEDUCATIONAL-2026-0013,2026-02-25,Present
PRAHITHAEDUCATIONAL-2026-0013,2026-02-24,Late
PRAHITHAEDUCATIONAL-2026-0013,2026-02-23,Late
PRAHITHAEDUCATIONAL-2026-0013,2026-02-22,Absent
PRAHITHAEDUCATIONAL-2026-0014,2026-03-07,Present
PRAHITHAEDUCATIONAL-2026-0014,2026-03-06,Present
PRAHITHAEDUCATIONAL-2026-0014,2026-03-05,Present
PRAHITHAEDUCATIONAL-2026-0014,2026-03-04,Present
PRAHITHAEDUCATIONAL-2026-0014,2026-03-03,Present
PRAHITHAEDUCATIONAL-2026-0014,2026-03-02,Present
PRAHITHAEDUCATIONAL-2026-0014,2026-03-01,Present
PRAHITHAEDUCATIONAL-2026-0014,2026-02-28,Present
PRAHITHAEDUCATIONAL-2026-0014,2026-02-27,Present
PRAHITHAEDUCATIONAL-2026-0014,2026-02-26,Late
PRAHITHAEDUCATIONAL-2026-0014,2026-02-25,Present
PRAHITHAEDUCATIONAL-2026-0014,2026-02-24,Present
PRAHITHAEDUCATIONAL-2026-0014,2026-02-23,Late
PRAHITHAEDUCATIONAL-2026-0014,2026-02-22,Absent
PRAHITHAEDUCATIONAL-2026-0015,2026-03-07,Present
PRAHITHAEDUCATIONAL-2026-0015,2026-03-06,Present
PRAHITHAEDUCATIONAL-2026-0015,2026-03-05,Present
PRAHITHAEDUCATIONAL-2026-0015,2026-03-04,Present
PRAHITHAEDUCATIONAL-2026-0015,2026-03-03,Present
PRAHITHAEDUCATIONAL-2026-0015,2026-03-02,Present
PRAHITHAEDUCATIONAL-2026-0015,2026-03-01,Present
PRAHITHAEDUCATIONAL-2026-0015,2026-02-28,Present
PRAHITHAEDUCATIONAL-2026-0015,2026-02-27,Present
PRAHITHAEDUCATIONAL-2026-0015,2026-02-26,Present
PRAHITHAEDUCATIONAL-2026-0015,2026-02-25,Present
PRAHITHAEDUCATIONAL-2026-0015,2026-02-24,Present
PRAHITHAEDUCATIONAL-2026-0015,2026-02-23,Present
PRAHITHAEDUCATIONAL-2026-0015,2026-02-22,Present
PRAHITHAEDUCATIONAL-2026-0016,2026-03-07,Present
PRAHITHAEDUCATIONAL-2026-0016,2026-03-06,Absent
PRAHITHAEDUCATIONAL-2026-0016,2026-03-05,Late
PRAHITHAEDUCATIONAL-2026-0016,2026-03-04,Absent
PRAHITHAEDUCATIONAL-2026-0016,2026-03-03,Present
PRAHITHAEDUCATIONAL-2026-0016,2026-03-02,Present
PRAHITHAEDUCATIONAL-2026-0016,2026-03-01,Present
PRAHITHAEDUCATIONAL-2026-0016,2026-02-28,Present
PRAHITHAEDUCATIONAL-2026-0016,2026-02-27,Present
PRAHITHAEDUCATIONAL-2026-0016,2026-02-26,Present
PRAHITHAEDUCATIONAL-2026-0016,2026-02-25,Present
PRAHITHAEDUCATIONAL-2026-0016,2026-02-24,Present
PRAHITHAEDUCATIONAL-2026-0016,2026-02-23,Present
PRAHITHAEDUCATIONAL-2026-0016,2026-02-22,Present
PRAHITHAEDUCATIONAL-2026-0017,2026-03-07,Present
PRAHITHAEDUCATIONAL-2026-0017,2026-03-06,Present
PRAHITHAEDUCATIONAL-2026-0017,2026-03-05,Present
PRAHITHAEDUCATIONAL-2026-0017,2026-03-04,Present
PRAHITHAEDUCATIONAL-2026-0017,2026-03-03,Present
PRAHITHAEDUCATIONAL-2026-0017,2026-03-02,Present
PRAHITHAEDUCATIONAL-2026-0017,2026-03-01,Present
PRAHITHAEDUCATIONAL-2026-0017,2026-02-28,Present
PRAHITHAEDUCATIONAL-2026-0017,2026-02-27,Present
PRAHITHAEDUCATIONAL-2026-0017,2026-02-26,Present
PRAHITHAEDUCATIONAL-2026-0017,2026-02-25,Present
PRAHITHAEDUCATIONAL-2026-0017,2026-02-24,Present
PRAHITHAEDUCATIONAL-2026-0017,2026-02-23,Absent
PRAHITHAEDUCATIONAL-2026-0017,2026-02-22,Present
PRAHITHAEDUCATIONAL-2026-0018,2026-03-07,Present
PRAHITHAEDUCATIONAL-2026-0018,2026-03-06,Present
PRAHITHAEDUCATIONAL-2026-0018,2026-03-05,Present
PRAHITHAEDUCATIONAL-2026-0018,2026-03-04,Present
PRAHITHAEDUCATIONAL-2026-0018,2026-03-03,Late
PRAHITHAEDUCATIONAL-2026-0018,2026-03-02,Present
PRAHITHAEDUCATIONAL-2026-0018,2026-03-01,Absent
PRAHITHAEDUCATIONAL-2026-0018,2026-02-28,Present
PRAHITHAEDUCATIONAL-2026-0018,2026-02-27,Present
PRAHITHAEDUCATIONAL-2026-0018,2026-02-26,Present
PRAHITHAEDUCATIONAL-2026-0018,2026-02-25,Present
PRAHITHAEDUCATIONAL-2026-0018,2026-02-24,Absent
PRAHITHAEDUCATIONAL-2026-0018,2026-02-23,Present
PRAHITHAEDUCATIONAL-2026-0018,2026-02-22,Absent
PRAHITHAEDUCATIONAL-2026-0019,2026-03-07,Present
PRAHITHAEDUCATIONAL-2026-0019,2026-03-06,Present
PRAHITHAEDUCATIONAL-2026-0019,2026-03-05,Present
PRAHITHAEDUCATIONAL-2026-0019,2026-03-04,Absent
PRAHITHAEDUCATIONAL-2026-0019,2026-03-03,Absent
PRAHITHAEDUCATIONAL-2026-0019,2026-03-02,Present
PRAHITHAEDUCATIONAL-2026-0019,2026-03-01,Present
PRAHITHAEDUCATIONAL-2026-0019,2026-02-28,Present
PRAHITHAEDUCATIONAL-2026-0019,2026-02-27,Present
PRAHITHAEDUCATIONAL-2026-0019,2026-02-26,Absent
PRAHITHAEDUCATIONAL-2026-0019,2026-02-25,Late
PRAHITHAEDUCATIONAL-2026-0019,2026-02-24,Present
PRAHITHAEDUCATIONAL-2026-0019,2026-02-23,Present
PRAHITHAEDUCATIONAL-2026-0019,2026-02-22,Present
PRAHITHAEDUCATIONAL-2026-0020,2026-03-07,Present
PRAHITHAEDUCATIONAL-2026-0020,2026-03-06,Present
PRAHITHAEDUCATIONAL-2026-0020,2026-03-05,Present
PRAHITHAEDUCATIONAL-2026-0020,2026-03-04,Present
PRAHITHAEDUCATIONAL-2026-0020,2026-03-03,Present
PRAHITHAEDUCATIONAL-2026-0020,2026-03-02,Present
PRAHITHAEDUCATIONAL-2026-0020,2026-03-01,Present
PRAHITHAEDUCATIONAL-2026-0020,2026-02-28,Present
PRAHITHAEDUCATIONAL-2026-0020,2026-02-27,Present
PRAHITHAEDUCATIONAL-2026-0020,2026-02-26,Present
PRAHITHAEDUCATIONAL-2026-0020,2026-02-25,Absent
PRAHITHAEDUCATIONAL-2026-0020,2026-02-24,Present
PRAHITHAEDUCATIONAL-2026-0020,2026-02-23,Present
PRAHITHAEDUCATIONAL-2026-0020,2026-02-22,Absent
PRAHITHAEDUCATIONAL-2026-0021,2026-03-07,Late
PRAHITHAEDUCATIONAL-2026-0021,2026-03-06,Present
PRAHITHAEDUCATIONAL-2026-0021,2026-03-05,Present
PRAHITHAEDUCATIONAL-2026-0021,2026-03-04,Present
PRAHITHAEDUCATIONAL-2026-0021,2026-03-03,Present
PRAHITHAEDUCATIONAL-2026-0021,2026-03-02,Present
PRAHITHAEDUCATIONAL-2026-0021,2026-03-01,Present
PRAHITHAEDUCATIONAL-2026-0021,2026-02-28,Present
PRAHITHAEDUCATIONAL-2026-0021,2026-02-27,Present
PRAHITHAEDUCATIONAL-2026-0021,2026-02-26,Absent
PRAHITHAEDUCATIONAL-2026-0021,2026-02-25,Present
PRAHITHAEDUCATIONAL-2026-0021,2026-02-24,Absent
PRAHITHAEDUCATIONAL-2026-0021,2026-02-23,Present
PRAHITHAEDUCATIONAL-2026-0021,2026-02-22,Absent
PRAHITHAEDUCATIONAL-2026-0022,2026-03-07,Absent
PRAHITHAEDUCATIONAL-2026-0022,2026-03-06,Absent
PRAHITHAEDUCATIONAL-2026-0022,2026-03-05,Present
PRAHITHAEDUCATIONAL-2026-0022,2026-03-04,Present
PRAHITHAEDUCATIONAL-2026-0022,2026-03-03,Present
PRAHITHAEDUCATIONAL-2026-0022,2026-03-02,Present
PRAHITHAEDUCATIONAL-2026-0022,2026-03-01,Present
PRAHITHAEDUCATIONAL-2026-0022,2026-02-28,Present
PRAHITHAEDUCATIONAL-2026-0022,2026-02-27,Absent
PRAHITHAEDUCATIONAL-2026-0022,2026-02-26,Present
PRAHITHAEDUCATIONAL-2026-0022,2026-02-25,Present
PRAHITHAEDUCATIONAL-2026-0022,2026-02-24,Present
PRAHITHAEDUCATIONAL-2026-0022,2026-02-23,Present
PRAHITHAEDUCATIONAL-2026-0022,2026-02-22,Present
PRAHITHAEDUCATIONAL-2026-0023,2026-03-07,Late
PRAHITHAEDUCATIONAL-2026-0023,2026-03-06,Present
PRAHITHAEDUCATIONAL-2026-0023,2026-03-05,Present
PRAHITHAEDUCATIONAL-2026-0023,2026-03-04,Present
PRAHITHAEDUCATIONAL-2026-0023,2026-03-03,Present
PRAHITHAEDUCATIONAL-2026-0023,2026-03-02,Present
PRAHITHAEDUCATIONAL-2026-0023,2026-03-01,Late
PRAHITHAEDUCATIONAL-2026-0023,2026-02-28,Present
PRAHITHAEDUCATIONAL-2026-0023,2026-02-27,Present
PRAHITHAEDUCATIONAL-2026-0023,2026-02-26,Present
PRAHITHAEDUCATIONAL-2026-0023,2026-02-25,Late
PRAHITHAEDUCATIONAL-2026-0023,2026-02-24,Present
PRAHITHAEDUCATIONAL-2026-0023,2026-02-23,Present
PRAHITHAEDUCATIONAL-2026-0023,2026-02-22,Present
PRAHITHAEDUCATIONAL-2026-0024,2026-03-07,Present
PRAHITHAEDUCATIONAL-2026-0024,2026-03-06,Present
PRAHITHAEDUCATIONAL-2026-0024,2026-03-05,Present
PRAHITHAEDUCATIONAL-2026-0024,2026-03-04,Present
PRAHITHAEDUCATIONAL-2026-0024,2026-03-03,Present
PRAHITHAEDUCATIONAL-2026-0024,2026-03-02,Present
PRAHITHAEDUCATIONAL-2026-0024,2026-03-01,Present
PRAHITHAEDUCATIONAL-2026-0024,2026-02-28,Present
PRAHITHAEDUCATIONAL-2026-0024,2026-02-27,Present
PRAHITHAEDUCATIONAL-2026-0024,2026-02-26,Present
PRAHITHAEDUCATIONAL-2026-0024,2026-02-25,Present
PRAHITHAEDUCATIONAL-2026-0024,2026-02-24,Present
PRAHITHAEDUCATIONAL-2026-0024,2026-02-23,Present
PRAHITHAEDUCATIONAL-2026-0024,2026-02-22,Absent
PRAHITHAEDUCATIONAL-2026-0025,2026-03-07,Present
PRAHITHAEDUCATIONAL-2026-0025,2026-03-06,Absent
PRAHITHAEDUCATIONAL-2026-0025,2026-03-05,Present
PRAHITHAEDUCATIONAL-2026-0025,2026-03-04,Absent
PRAHITHAEDUCATIONAL-2026-0025,2026-03-03,Present
PRAHITHAEDUCATIONAL-2026-0025,2026-03-02,Present
PRAHITHAEDUCATIONAL-2026-0025,2026-03-01,Present
PRAHITHAEDUCATIONAL-2026-0025,2026-02-28,Present
PRAHITHAEDUCATIONAL-2026-0025,2026-02-27,Present
PRAHITHAEDUCATIONAL-2026-0025,2026-02-26,Present
PRAHITHAEDUCATIONAL-2026-0025,2026-02-25,Late
PRAHITHAEDUCATIONAL-2026-0025,2026-02-24,Absent
PRAHITHAEDUCATIONAL-2026-0025,2026-02-23,Present
PRAHITHAEDUCATIONAL-2026-0025,2026-02-22,Present
PRAHITHAEDUCATIONAL-2026-0026,2026-03-07,Present
PRAHITHAEDUCATIONAL-2026-0026,2026-03-06,Present
PRAHITHAEDUCATIONAL-2026-0026,2026-03-05,Present
PRAHITHAEDUCATIONAL-2026-0026,2026-03-04,Present
PRAHITHAEDUCATIONAL-2026-0026,2026-03-03,Absent
PRAHITHAEDUCATIONAL-2026-0026,2026-03-02,Present
PRAHITHAEDUCATIONAL-2026-0026,2026-03-01,Present
PRAHITHAEDUCATIONAL-2026-0026,2026-02-28,Present
PRAHITHAEDUCATIONAL-2026-0026,2026-02-27,Present
PRAHITHAEDUCATIONAL-2026-0026,2026-02-26,Present
PRAHITHAEDUCATIONAL-2026-0026,2026-02-25,Late
PRAHITHAEDUCATIONAL-2026-0026,2026-02-24,Present
PRAHITHAEDUCATIONAL-2026-0026,2026-02-23,Present
PRAHITHAEDUCATIONAL-2026-0026,2026-02-22,Present
PRAHITHAEDUCATIONAL-2026-0027,2026-03-07,Present
PRAHITHAEDUCATIONAL-2026-0027,2026-03-06,Present
PRAHITHAEDUCATIONAL-2026-0027,2026-03-05,Present
PRAHITHAEDUCATIONAL-2026-0027,2026-03-04,Present
PRAHITHAEDUCATIONAL-2026-0027,2026-03-03,Present
PRAHITHAEDUCATIONAL-2026-0027,2026-03-02,Present
PRAHITHAEDUCATIONAL-2026-0027,2026-03-01,Present
PRAHITHAEDUCATIONAL-2026-0027,2026-02-28,Late
PRAHITHAEDUCATIONAL-2026-0027,2026-02-27,Present
PRAHITHAEDUCATIONAL-2026-0027,2026-02-26,Absent
PRAHITHAEDUCATIONAL-2026-0027,2026-02-25,Present
PRAHITHAEDUCATIONAL-2026-0027,2026-02-24,Present
PRAHITHAEDUCATIONAL-2026-0027,2026-02-23,Present
PRAHITHAEDUCATIONAL-2026-0027,2026-02-22,Present
PRAHITHAEDUCATIONAL-2026-0028,2026-03-07,Present
PRAHITHAEDUCATIONAL-2026-0028,2026-03-06,Present
PRAHITHAEDUCATIONAL-2026-0028,2026-03-05,Present
PRAHITHAEDUCATIONAL-2026-0028,2026-03-04,Absent
PRAHITHAEDUCATIONAL-2026-0028,2026-03-03,Present
PRAHITHAEDUCATIONAL-2026-0028,2026-03-02,Present
PRAHITHAEDUCATIONAL-2026-0028,2026-03-01,Present
PRAHITHAEDUCATIONAL-2026-0028,2026-02-28,Present
PRAHITHAEDUCATIONAL-2026-0028,2026-02-27,Present
PRAHITHAEDUCATIONAL-2026-0028,2026-02-26,Present
PRAHITHAEDUCATIONAL-2026-0028,2026-02-25,Present
PRAHITHAEDUCATIONAL-2026-0028,2026-02-24,Present
PRAHITHAEDUCATIONAL-2026-0028,2026-02-23,Present
PRAHITHAEDUCATIONAL-2026-0028,2026-02-22,Present
PRAHITHAEDUCATIONAL-2026-0029,2026-03-07,Present
PRAHITHAEDUCATIONAL-2026-0029,2026-03-06,Present
PRAHITHAEDUCATIONAL-2026-0029,2026-03-05,Present
PRAHITHAEDUCATIONAL-2026-0029,2026-03-04,Present
PRAHITHAEDUCATIONAL-2026-0029,2026-03-03,Present
PRAHITHAEDUCATIONAL-2026-0029,2026-03-02,Present
PRAHITHAEDUCATIONAL-2026-0029,2026-03-01,Present
PRAHITHAEDUCATIONAL-2026-0029,2026-02-28,Present
PRAHITHAEDUCATIONAL-2026-0029,2026-02-27,Absent
PRAHITHAEDUCATIONAL-2026-0029,2026-02-26,Present
PRAHITHAEDUCATIONAL-2026-0029,2026-02-25,Present
PRAHITHAEDUCATIONAL-2026-0029,2026-02-24,Present
PRAHITHAEDUCATIONAL-2026-0029,2026-02-23,Late
PRAHITHAEDUCATIONAL-2026-0029,2026-02-22,Present
PRAHITHAEDUCATIONAL-2026-0030,2026-03-07,Present
PRAHITHAEDUCATIONAL-2026-0030,2026-03-06,Present
PRAHITHAEDUCATIONAL-2026-0030,2026-03-05,Present
PRAHITHAEDUCATIONAL-2026-0030,2026-03-04,Present
PRAHITHAEDUCATIONAL-2026-0030,2026-03-03,Present
PRAHITHAEDUCATIONAL-2026-0030,2026-03-02,Present
PRAHITHAEDUCATIONAL-2026-0030,2026-03-01,Absent
PRAHITHAEDUCATIONAL-2026-0030,2026-02-28,Present
PRAHITHAEDUCATIONAL-2026-0030,2026-02-27,Present
PRAHITHAEDUCATIONAL-2026-0030,2026-02-26,Absent
PRAHITHAEDUCATIONAL-2026-0030,2026-02-25,Present
PRAHITHAEDUCATIONAL-2026-0030,2026-02-24,Present
PRAHITHAEDUCATIONAL-2026-0030,2026-02-23,Present
PRAHITHAEDUCATIONAL-2026-0030,2026-02-22,Present
PRAHITHAEDUCATIONAL-2026-0031,2026-03-07,Late
PRAHITHAEDUCATIONAL-2026-0031,2026-03-06,Present
PRAHITHAEDUCATIONAL-2026-0031,2026-03-05,Present
PRAHITHAEDUCATIONAL-2026-0031,2026-03-04,Present
PRAHITHAEDUCATIONAL-2026-0031,2026-03-03,Present
PRAHITHAEDUCATIONAL-2026-0031,2026-03-02,Present
PRAHITHAEDUCATIONAL-2026-0031,2026-03-01,Present
PRAHITHAEDUCATIONAL-2026-0031,2026-02-28,Present
PRAHITHAEDUCATIONAL-2026-0031,2026-02-27,Present
PRAHITHAEDUCATIONAL-2026-0031,2026-02-26,Present
PRAHITHAEDUCATIONAL-2026-0031,2026-02-25,Present
PRAHITHAEDUCATIONAL-2026-0031,2026-02-24,Absent
PRAHITHAEDUCATIONAL-2026-0031,2026-02-23,Present
PRAHITHAEDUCATIONAL-2026-0031,2026-02-22,Present
PRAHITHAEDUCATIONAL-2026-0032,2026-03-07,Present
PRAHITHAEDUCATIONAL-2026-0032,2026-03-06,Present
PRAHITHAEDUCATIONAL-2026-0032,2026-03-05,Present
PRAHITHAEDUCATIONAL-2026-0032,2026-03-04,Present
PRAHITHAEDUCATIONAL-2026-0032,2026-03-03,Present
PRAHITHAEDUCATIONAL-2026-0032,2026-03-02,Present
PRAHITHAEDUCATIONAL-2026-0032,2026-03-01,Present
PRAHITHAEDUCATIONAL-2026-0032,2026-02-28,Present
PRAHITHAEDUCATIONAL-2026-0032,2026-02-27,Present
PRAHITHAEDUCATIONAL-2026-0032,2026-02-26,Present
PRAHITHAEDUCATIONAL-2026-0032,2026-02-25,Late
PRAHITHAEDUCATIONAL-2026-0032,2026-02-24,Present
PRAHITHAEDUCATIONAL-2026-0032,2026-02-23,Present
PRAHITHAEDUCATIONAL-2026-0032,2026-02-22,Present
PRAHITHAEDUCATIONAL-2026-0033,2026-03-07,Present
PRAHITHAEDUCATIONAL-2026-0033,2026-03-06,Present
PRAHITHAEDUCATIONAL-2026-0033,2026-03-05,Present
PRAHITHAEDUCATIONAL-2026-0033,2026-03-04,Absent
PRAHITHAEDUCATIONAL-2026-0033,2026-03-03,Present
PRAHITHAEDUCATIONAL-2026-0033,2026-03-02,Present
PRAHITHAEDUCATIONAL-2026-0033,2026-03-01,Present
PRAHITHAEDUCATIONAL-2026-0033,2026-02-28,Present
PRAHITHAEDUCATIONAL-2026-0033,2026-02-27,Present
PRAHITHAEDUCATIONAL-2026-0033,2026-02-26,Present
PRAHITHAEDUCATIONAL-2026-0033,2026-02-25,Present
PRAHITHAEDUCATIONAL-2026-0033,2026-02-24,Present
PRAHITHAEDUCATIONAL-2026-0033,2026-02-23,Present
PRAHITHAEDUCATIONAL-2026-0033,2026-02-22,Present
PRAHITHAEDUCATIONAL-2026-0034,2026-03-07,Present
PRAHITHAEDUCATIONAL-2026-0034,2026-03-06,Present
PRAHITHAEDUCATIONAL-2026-0034,2026-03-05,Late
PRAHITHAEDUCATIONAL-2026-0034,2026-03-04,Present
PRAHITHAEDUCATIONAL-2026-0034,2026-03-03,Present
PRAHITHAEDUCATIONAL-2026-0034,2026-03-02,Present
PRAHITHAEDUCATIONAL-2026-0034,2026-03-01,Present
PRAHITHAEDUCATIONAL-2026-0034,2026-02-28,Present
PRAHITHAEDUCATIONAL-2026-0034,2026-02-27,Present
PRAHITHAEDUCATIONAL-2026-0034,2026-02-26,Present
PRAHITHAEDUCATIONAL-2026-0034,2026-02-25,Present
PRAHITHAEDUCATIONAL-2026-0034,2026-02-24,Present
PRAHITHAEDUCATIONAL-2026-0034,2026-02-23,Present
PRAHITHAEDUCATIONAL-2026-0034,2026-02-22,Present
PRAHITHAEDUCATIONAL-2026-0035,2026-03-07,Present
PRAHITHAEDUCATIONAL-2026-0035,2026-03-06,Present
PRAHITHAEDUCATIONAL-2026-0035,2026-03-05,Present
PRAHITHAEDUCATIONAL-2026-0035,2026-03-04,Present
PRAHITHAEDUCATIONAL-2026-0035,2026-03-03,Present
PRAHITHAEDUCATIONAL-2026-0035,2026-03-02,Present
PRAHITHAEDUCATIONAL-2026-0035,2026-03-01,Absent
PRAHITHAEDUCATIONAL-2026-0035,2026-02-28,Present
PRAHITHAEDUCATIONAL-2026-0035,2026-02-27,Present
PRAHITHAEDUCATIONAL-2026-0035,2026-02-26,Present
PRAHITHAEDUCATIONAL-2026-0035,2026-02-25,Present
PRAHITHAEDUCATIONAL-2026-0035,2026-02-24,Present
PRAHITHAEDUCATIONAL-2026-0035,2026-02-23,Late
PRAHITHAEDUCATIONAL-2026-0035,2026-02-22,Present
PRAHITHAEDUCATIONAL-2026-0036,2026-03-07,Present
PRAHITHAEDUCATIONAL-2026-0036,2026-03-06,Present
PRAHITHAEDUCATIONAL-2026-0036,2026-03-05,Present
PRAHITHAEDUCATIONAL-2026-0036,2026-03-04,Present
PRAHITHAEDUCATIONAL-2026-0036,2026-03-03,Absent
PRAHITHAEDUCATIONAL-2026-0036,2026-03-02,Present
PRAHITHAEDUCATIONAL-2026-0036,2026-03-01,Absent
PRAHITHAEDUCATIONAL-2026-0036,2026-02-28,Present
PRAHITHAEDUCATIONAL-2026-0036,2026-02-27,Present
PRAHITHAEDUCATIONAL-2026-0036,2026-02-26,Present
PRAHITHAEDUCATIONAL-2026-0036,2026-02-25,Present
PRAHITHAEDUCATIONAL-2026-0036,2026-02-24,Present
PRAHITHAEDUCATIONAL-2026-0036,2026-02-23,Absent
PRAHITHAEDUCATIONAL-2026-0036,2026-02-22,Present
PRAHITHAEDUCATIONAL-2026-0037,2026-03-07,Present
PRAHITHAEDUCATIONAL-2026-0037,2026-03-06,Present
PRAHITHAEDUCATIONAL-2026-0037,2026-03-05,Absent
PRAHITHAEDUCATIONAL-2026-0037,2026-03-04,Present
PRAHITHAEDUCATIONAL-2026-0037,2026-03-03,Present
PRAHITHAEDUCATIONAL-2026-0037,2026-03-02,Present
PRAHITHAEDUCATIONAL-2026-0037,2026-03-01,Present
PRAHITHAEDUCATIONAL-2026-0037,2026-02-28,Absent
PRAHITHAEDUCATIONAL-2026-0037,2026-02-27,Present
PRAHITHAEDUCATIONAL-2026-0037,2026-02-26,Present
PRAHITHAEDUCATIONAL-2026-0037,2026-02-25,Present
PRAHITHAEDUCATIONAL-2026-0037,2026-02-24,Late
PRAHITHAEDUCATIONAL-2026-0037,2026-02-23,Present
PRAHITHAEDUCATIONAL-2026-0037,2026-02-22,Present
PRAHITHAEDUCATIONAL-2026-0038,2026-03-07,Present
PRAHITHAEDUCATIONAL-2026-0038,2026-03-06,Present
PRAHITHAEDUCATIONAL-2026-0038,2026-03-05,Present
PRAHITHAEDUCATIONAL-2026-0038,2026-03-04,Present
PRAHITHAEDUCATIONAL-2026-0038,2026-03-03,Present
PRAHITHAEDUCATIONAL-2026-0038,2026-03-02,Present
PRAHITHAEDUCATIONAL-2026-0038,2026-03-01,Present
PRAHITHAEDUCATIONAL-2026-0038,2026-02-28,Present
PRAHITHAEDUCATIONAL-2026-0038,2026-02-27,Present
PRAHITHAEDUCATIONAL-2026-0038,2026-02-26,Present
PRAHITHAEDUCATIONAL-2026-0038,2026-02-25,Present
PRAHITHAEDUCATIONAL-2026-0038,2026-02-24,Present
PRAHITHAEDUCATIONAL-2026-0038,2026-02-23,Present
PRAHITHAEDUCATIONAL-2026-0038,2026-02-22,Present
PRAHITHAEDUCATIONAL-2026-0039,2026-03-07,Present
PRAHITHAEDUCATIONAL-2026-0039,2026-03-06,Present
PRAHITHAEDUCATIONAL-2026-0039,2026-03-05,Present
PRAHITHAEDUCATIONAL-2026-0039,2026-03-04,Present
PRAHITHAEDUCATIONAL-2026-0039,2026-03-03,Present
PRAHITHAEDUCATIONAL-2026-0039,2026-03-02,Present
PRAHITHAEDUCATIONAL-2026-0039,2026-03-01,Present
PRAHITHAEDUCATIONAL-2026-0039,2026-02-28,Present
PRAHITHAEDUCATIONAL-2026-0039,2026-02-27,Present
PRAHITHAEDUCATIONAL-2026-0039,2026-02-26,Present
PRAHITHAEDUCATIONAL-2026-0039,2026-02-25,Present
PRAHITHAEDUCATIONAL-2026-0039,2026-02-24,Present
PRAHITHAEDUCATIONAL-2026-0039,2026-02-23,Absent
PRAHITHAEDUCATIONAL-2026-0039,2026-02-22,Late
PRAHITHAEDUCATIONAL-2026-0040,2026-03-07,Present
PRAHITHAEDUCATIONAL-2026-0040,2026-03-06,Present
PRAHITHAEDUCATIONAL-2026-0040,2026-03-05,Present
PRAHITHAEDUCATIONAL-2026-0040,2026-03-04,Absent
PRAHITHAEDUCATIONAL-2026-0040,2026-03-03,Present
PRAHITHAEDUCATIONAL-2026-0040,2026-03-02,Present
PRAHITHAEDUCATIONAL-2026-0040,2026-03-01,Present
PRAHITHAEDUCATIONAL-2026-0040,2026-02-28,Present
PRAHITHAEDUCATIONAL-2026-0040,2026-02-27,Present
PRAHITHAEDUCATIONAL-2026-0040,2026-02-26,Present
PRAHITHAEDUCATIONAL-2026-0040,2026-02-25,Present
PRAHITHAEDUCATIONAL-2026-0040,2026-02-24,Present
PRAHITHAEDUCATIONAL-2026-0040,2026-02-23,Present
PRAHITHAEDUCATIONAL-2026-0040,2026-02-22,Present
PRAHITHAEDUCATIONAL-2026-0041,2026-03-07,Present
PRAHITHAEDUCATIONAL-2026-0041,2026-03-06,Present
PRAHITHAEDUCATIONAL-2026-0041,2026-03-05,Present
PRAHITHAEDUCATIONAL-2026-0041,2026-03-04,Present
PRAHITHAEDUCATIONAL-2026-0041,2026-03-03,Present
PRAHITHAEDUCATIONAL-2026-0041,2026-03-02,Present
PRAHITHAEDUCATIONAL-2026-0041,2026-03-01,Present
PRAHITHAEDUCATIONAL-2026-0041,2026-02-28,Present
PRAHITHAEDUCATIONAL-2026-0041,2026-02-27,Present
PRAHITHAEDUCATIONAL-2026-0041,2026-02-26,Present
PRAHITHAEDUCATIONAL-2026-0041,2026-02-25,Present
PRAHITHAEDUCATIONAL-2026-0041,2026-02-24,Present
PRAHITHAEDUCATIONAL-2026-0041,2026-02-23,Present
PRAHITHAEDUCATIONAL-2026-0041,2026-02-22,Present
PRAHITHAEDUCATIONAL-2026-0042,2026-03-07,Present
PRAHITHAEDUCATIONAL-2026-0042,2026-03-06,Present
PRAHITHAEDUCATIONAL-2026-0042,2026-03-05,Present
PRAHITHAEDUCATIONAL-2026-0042,2026-03-04,Present
PRAHITHAEDUCATIONAL-2026-0042,2026-03-03,Present
PRAHITHAEDUCATIONAL-2026-0042,2026-03-02,Present
PRAHITHAEDUCATIONAL-2026-0042,2026-03-01,Present
PRAHITHAEDUCATIONAL-2026-0042,2026-02-28,Present
PRAHITHAEDUCATIONAL-2026-0042,2026-02-27,Late
PRAHITHAEDUCATIONAL-2026-0042,2026-02-26,Present
PRAHITHAEDUCATIONAL-2026-0042,2026-02-25,Present
PRAHITHAEDUCATIONAL-2026-0042,2026-02-24,Present
PRAHITHAEDUCATIONAL-2026-0042,2026-02-23,Present
PRAHITHAEDUCATIONAL-2026-0042,2026-02-22,Present
PRAHITHAEDUCATIONAL-2026-0043,2026-03-07,Present
PRAHITHAEDUCATIONAL-2026-0043,2026-03-06,Present
PRAHITHAEDUCATIONAL-2026-0043,2026-03-05,Present
PRAHITHAEDUCATIONAL-2026-0043,2026-03-04,Absent
PRAHITHAEDUCATIONAL-2026-0043,2026-03-03,Present
PRAHITHAEDUCATIONAL-2026-0043,2026-03-02,Present
PRAHITHAEDUCATIONAL-2026-0043,2026-03-01,Absent
PRAHITHAEDUCATIONAL-2026-0043,2026-02-28,Present
PRAHITHAEDUCATIONAL-2026-0043,2026-02-27,Present
PRAHITHAEDUCATIONAL-2026-0043,2026-02-26,Present
PRAHITHAEDUCATIONAL-2026-0043,2026-02-25,Present
PRAHITHAEDUCATIONAL-2026-0043,2026-02-24,Present
PRAHITHAEDUCATIONAL-2026-0043,2026-02-23,Present
PRAHITHAEDUCATIONAL-2026-0043,2026-02-22,Present
PRAHITHAEDUCATIONAL-2026-0044,2026-03-07,Present
PRAHITHAEDUCATIONAL-2026-0044,2026-03-06,Present
PRAHITHAEDUCATIONAL-2026-0044,2026-03-05,Present
PRAHITHAEDUCATIONAL-2026-0044,2026-03-04,Present
PRAHITHAEDUCATIONAL-2026-0044,2026-03-03,Present
PRAHITHAEDUCATIONAL-2026-0044,2026-03-02,Present
PRAHITHAEDUCATIONAL-2026-0044,2026-03-01,Present
PRAHITHAEDUCATIONAL-2026-0044,2026-02-28,Present
PRAHITHAEDUCATIONAL-2026-0044,2026-02-27,Absent
PRAHITHAEDUCATIONAL-2026-0044,2026-02-26,Present
PRAHITHAEDUCATIONAL-2026-0044,2026-02-25,Present
PRAHITHAEDUCATIONAL-2026-0044,2026-02-24,Present
PRAHITHAEDUCATIONAL-2026-0044,2026-02-23,Present
PRAHITHAEDUCATIONAL-2026-0044,2026-02-22,Absent
PRAHITHAEDUCATIONAL-2026-0045,2026-03-07,Present
PRAHITHAEDUCATIONAL-2026-0045,2026-03-06,Present
PRAHITHAEDUCATIONAL-2026-0045,2026-03-05,Present
PRAHITHAEDUCATIONAL-2026-0045,2026-03-04,Present
PRAHITHAEDUCATIONAL-2026-0045,2026-03-03,Absent
PRAHITHAEDUCATIONAL-2026-0045,2026-03-02,Present
PRAHITHAEDUCATIONAL-2026-0045,2026-03-01,Absent
PRAHITHAEDUCATIONAL-2026-0045,2026-02-28,Present
PRAHITHAEDUCATIONAL-2026-0045,2026-02-27,Present
PRAHITHAEDUCATIONAL-2026-0045,2026-02-26,Absent
PRAHITHAEDUCATIONAL-2026-0045,2026-02-25,Late
PRAHITHAEDUCATIONAL-2026-0045,2026-02-24,Present
PRAHITHAEDUCATIONAL-2026-0045,2026-02-23,Present
PRAHITHAEDUCATIONAL-2026-0045,2026-02-22,Present
PRAHITHAEDUCATIONAL-2026-0046,2026-03-07,Absent
PRAHITHAEDUCATIONAL-2026-0046,2026-03-06,Present
PRAHITHAEDUCATIONAL-2026-0046,2026-03-05,Present
PRAHITHAEDUCATIONAL-2026-0046,2026-03-04,Present
PRAHITHAEDUCATIONAL-2026-0046,2026-03-03,Present
PRAHITHAEDUCATIONAL-2026-0046,2026-03-02,Present
PRAHITHAEDUCATIONAL-2026-0046,2026-03-01,Present
PRAHITHAEDUCATIONAL-2026-0046,2026-02-28,Late
PRAHITHAEDUCATIONAL-2026-0046,2026-02-27,Present
PRAHITHAEDUCATIONAL-2026-0046,2026-02-26,Present
PRAHITHAEDUCATIONAL-2026-0046,2026-02-25,Present
PRAHITHAEDUCATIONAL-2026-0046,2026-02-24,Present
PRAHITHAEDUCATIONAL-2026-0046,2026-02-23,Present
PRAHITHAEDUCATIONAL-2026-0046,2026-02-22,Absent
PRAHITHAEDUCATIONAL-2026-0047,2026-03-07,Present
PRAHITHAEDUCATIONAL-2026-0047,2026-03-06,Present
PRAHITHAEDUCATIONAL-2026-0047,2026-03-05,Present
PRAHITHAEDUCATIONAL-2026-0047,2026-03-04,Present
PRAHITHAEDUCATIONAL-2026-0047,2026-03-03,Present
PRAHITHAEDUCATIONAL-2026-0047,2026-03-02,Present
PRAHITHAEDUCATIONAL-2026-0047,2026-03-01,Present
PRAHITHAEDUCATIONAL-2026-0047,2026-02-28,Present
PRAHITHAEDUCATIONAL-2026-0047,2026-02-27,Present
PRAHITHAEDUCATIONAL-2026-0047,2026-02-26,Present
PRAHITHAEDUCATIONAL-2026-0047,2026-02-25,Absent
PRAHITHAEDUCATIONAL-2026-0047,2026-02-24,Present
PRAHITHAEDUCATIONAL-2026-0047,2026-02-23,Present
PRAHITHAEDUCATIONAL-2026-0047,2026-02-22,Present
PRAHITHAEDUCATIONAL-2026-0048,2026-03-07,Present
PRAHITHAEDUCATIONAL-2026-0048,2026-03-06,Present
PRAHITHAEDUCATIONAL-2026-0048,2026-03-05,Present
PRAHITHAEDUCATIONAL-2026-0048,2026-03-04,Present
PRAHITHAEDUCATIONAL-2026-0048,2026-03-03,Absent
PRAHITHAEDUCATIONAL-2026-0048,2026-03-02,Present
PRAHITHAEDUCATIONAL-2026-0048,2026-03-01,Present
PRAHITHAEDUCATIONAL-2026-0048,2026-02-28,Present
PRAHITHAEDUCATIONAL-2026-0048,2026-02-27,Present
PRAHITHAEDUCATIONAL-2026-0048,2026-02-26,Present
PRAHITHAEDUCATIONAL-2026-0048,2026-02-25,Late
PRAHITHAEDUCATIONAL-2026-0048,2026-02-24,Present
PRAHITHAEDUCATIONAL-2026-0048,2026-02-23,Present
PRAHITHAEDUCATIONAL-2026-0048,2026-02-22,Present
PRAHITHAEDUCATIONAL-2026-0049,2026-03-07,Absent
PRAHITHAEDUCATIONAL-2026-0049,2026-03-06,Absent
PRAHITHAEDUCATIONAL-2026-0049,2026-03-05,Present
PRAHITHAEDUCATIONAL-2026-0049,2026-03-04,Present
PRAHITHAEDUCATIONAL-2026-0049,2026-03-03,Present
PRAHITHAEDUCATIONAL-2026-0049,2026-03-02,Present
PRAHITHAEDUCATIONAL-2026-0049,2026-03-01,Present
PRAHITHAEDUCATIONAL-2026-0049,2026-02-28,Present
PRAHITHAEDUCATIONAL-2026-0049,2026-02-27,Present
PRAHITHAEDUCATIONAL-2026-0049,2026-02-26,Present
PRAHITHAEDUCATIONAL-2026-0049,2026-02-25,Present
PRAHITHAEDUCATIONAL-2026-0049,2026-02-24,Present
PRAHITHAEDUCATIONAL-2026-0049,2026-02-23,Present
PRAHITHAEDUCATIONAL-2026-0049,2026-02-22,Present
PRAHITHAEDUCATIONAL-2026-0050,2026-03-07,Absent
PRAHITHAEDUCATIONAL-2026-0050,2026-03-06,Present
PRAHITHAEDUCATIONAL-2026-0050,2026-03-05,Present
PRAHITHAEDUCATIONAL-2026-0050,2026-03-04,Present
PRAHITHAEDUCATIONAL-2026-0050,2026-03-03,Present
PRAHITHAEDUCATIONAL-2026-0050,2026-03-02,Present
PRAHITHAEDUCATIONAL-2026-0050,2026-03-01,Late
PRAHITHAEDUCATIONAL-2026-0050,2026-02-28,Present
PRAHITHAEDUCATIONAL-2026-0050,2026-02-27,Present
PRAHITHAEDUCATIONAL-2026-0050,2026-02-26,Present
PRAHITHAEDUCATIONAL-2026-0050,2026-02-25,Present
PRAHITHAEDUCATIONAL-2026-0050,2026-02-24,Present
PRAHITHAEDUCATIONAL-2026-0050,2026-02-23,Absent
PRAHITHAEDUCATIONAL-2026-0050,2026-02-22,Present
