admission_id,name,photo_url,phone_number,place,email,date_of_birth,class_name,father_name,year_of_study,branch,section
20200001,Allison Hill,https://www.lorempixel.com/457/285,+1-819-600-1338x90838,Robinsonshire,blakeerik@yahoo.com,2005-03-22,1st,Daniel Gallagher,6,IT,C
20210002,James Howard,https://www.lorempixel.com/704/541,001-781-618-4959x3103,Traciebury,oramirez@martin-kelly.com,2000-08-24,2nd,Christopher Daniel,5,ECE,A
20200003,James Mayo,https://www.lorempixel.com/449/664,056.413.9537,Wilkersonmouth,donald88@burgess-patterson.org,2006-03-24,4th,Zachary Taylor,6,CSE,A
20200004,Peter Callahan Jr.,https://www.lorempixel.com/327/864,(697)848-0184x5146,South Aaron,williamrodriguez@hotmail.com,2004-07-05,2nd,Jordan Gonzalez,6,ECE,A
20210005,Christopher Ashley,https://placeimg.com/1/663/any,1543039117,Port Amandaberg,karroyo@rose-obrien.com,2002-11-08,4th,James Powers,5,ECE,D
20220006,Steven Hayes,https://www.lorempixel.com/507/460,098-393-0103x10518,West Elizabeth,jenniferkhan@kennedy.com,2001-01-14,1st,Jeffrey Henderson,4,ECE,D
20220007,Nicholas Nunez,https://placeimg.com/201/124/any,001-513-338-7262x4731,Mortonside,pearsonamber@novak.com,2006-05-07,3rd,Daniel Morales,4,ECE,B
20220008,James Galloway,https://placekitten.com/543/931,(872)343-0980x50097,North Susan,caseyjones@powell.com,2000-02-09,1st,Jason Silva,4,CSE,D
20200009,Taylor Harris,https://placekitten.com/643/488,(247)510-7991x1838,Davidstad,mikemoore@warner.net,1999-07-26,3rd,Justin Huynh,6,EEE,C
20200010,Shawn Baker,https://placekitten.com/219/318,935-348-7401x6400,Kellieview,barnold@smith.com,2000-01-17,4th,Kevin Hernandez,6,CE,A
20230011,Eric Nolan,https://dummyimage.com/81x732,+1-315-869-2322x60256,West Erik,ebrennan@gonzalez.com,2004-08-16,1st,Seth Walker,3,CE,C
20220012,Jennifer Ramirez,https://placekitten.com/142/571,+1-868-501-4294x0196,Jessicamouth,cruzbarbara@yahoo.com,2000-03-09,2nd,Aaron Frost,4,IT,A
20200013,Michelle Harmon,https://placeimg.com/403/745/any,595-148-4656,Angelaborough,lbyrd@hotmail.com,2004-07-21,2nd,Roy Torres,6,EEE,A
20210014,Richard Lawson,https://placeimg.com/659/952/any,387.214.8951x343,East Andrew,xcarr@gibson.org,2002-09-28,1st,James Ross,5,ME,C
20230015,Michael Stafford,https://dummyimage.com/218x870,(870)831-7278,Stephaniemouth,vmerritt@yahoo.com,2007-02-02,3rd,David Walsh,3,ECE,C
20220016,Kelly Sims,https://www.lorempixel.com/562/900,001-434-558-1223x623,South Rickside,abrown@yahoo.com,1999-10-07,2nd,Ralph James,4,IT,C
20200017,Guy Molina,https://placeimg.com/858/451/any,467.065.6272,South Brittanytown,dtaylor@williams.com,2003-01-13,2nd,George Hobbs,6,CE,B
20210018,Trevor Fisher,https://www.lorempixel.com/167/963,001-805-310-0330x9232,Caldwellshire,xlyons@jackson-lawson.com,2002-03-21,4th,Mr. Alexander Collins,5,ME,C
20210019,Tina Sanders,https://dummyimage.com/406x155,491-905-8651,Alexanderchester,hamiltonmichael@yahoo.com,2002-01-13,3rd,Nicholas Sheppard,5,CSE,B
20200020,Robert Medina,https://placeimg.com/990/952/any,001-945-314-7379x9650,Rosalesburgh,michaelgreen@yahoo.com,2004-02-18,3rd,Jose Lee,6,ME,C
20200021,Jason Peters,https://placeimg.com/492/975/any,014.363.4957x885,Barajasside,jacqueline44@yahoo.com,2003-05-10,2nd,Corey Wilson,6,CE,C
20210022,Pamela Lopez,https://placekitten.com/443/991,001-989-413-4352x4082,Brandonton,danamullins@gmail.com,1999-08-23,4th,John Alexander,5,ME,D
20210023,Anthony Everett,https://www.lorempixel.com/978/233,(719)022-9413x1869,Port Alexandra,levans@yahoo.com,2004-08-17,3rd,Antonio Choi,5,ECE,B
20220024,Phillip Garrett,https://dummyimage.com/541x166,281.206.7974,East Keithport,mcdanielsandra@hotmail.com,2002-10-19,4th,Joshua Holland,4,CE,D
20220025,Samantha Jones,https://placekitten.com/339/629,174.648.8771x906,Cassandratown,suzannehuff@matthews.com,2000-02-12,2nd,Christopher Stone,4,ECE,D
20200026,Donald Shea,https://www.lorempixel.com/892/1007,565.512.5674x6807,West Johnnyville,sandovalamy@yahoo.com,2000-05-09,1st,Isaiah Avila,6,CSE,B
20210027,Olivia Harris,https://placeimg.com/268/589/any,001-710-932-4808x613,South Staceyberg,william46@yahoo.com,2007-06-20,4th,Juan Reyes,5,CE,A
20230028,Katie Suarez,https://placeimg.com/142/565/any,840-449-9727x87558,Gibsonmouth,ashleyhall@williams-garner.biz,2006-01-01,4th,Ricky Pearson Jr.,3,CE,D
20220029,Beth Sanford,https://placeimg.com/679/205/any,870-262-1745,Santosmouth,courtney78@gmail.com,2000-08-06,1st,Michael Mitchell,4,IT,A
20220030,Brandon Good,https://dummyimage.com/205x908,001-400-504-5562x386,East Gregory,tyleraguilar@gmail.com,2007-04-12,3rd,Joe Estrada,4,CSE,C
20230031,Julie Roberts,https://placeimg.com/323/151/any,(946)474-3671x369,Baileyport,khill@osborne.info,2004-04-20,2nd,David Pham,3,ME,A
20220032,Connor King,https://www.lorempixel.com/280/198,709-521-4562x3285,Mariaview,julie51@yahoo.com,2000-09-17,2nd,Vincent Dalton,4,CE,A
20220033,Veronica Coffey,https://placeimg.com/749/184/any,4817549651,South Angel,deborahreid@yahoo.com,2004-07-28,2nd,Bruce Williams,4,ECE,C
20210034,Zachary Wilson,https://placeimg.com/480/277/any,586.926.1796x405,South Sean,cory58@howard.com,2007-03-03,1st,Daniel Fowler,5,CE,C
20230035,Amber Cook,https://www.lorempixel.com/257/420,001-839-335-2904x22842,Lake Michelleberg,kristy39@smith-baker.com,2006-08-05,1st,Patrick Alvarez,3,CSE,C
20220036,Kayla Rodriguez,https://placekitten.com/453/88,007.661.7711x592,East Joshuashire,hvang@yahoo.com,2007-02-25,2nd,Jeffrey Mcguire,4,CSE,B
20200037,Matthew Rich,https://placeimg.com/440/880/any,657.661.5654,Stephaniefort,deckerchristopher@garner.com,2000-06-14,1st,Justin Rivera,6,IT,D
20200038,Hayden Ortega,https://placekitten.com/866/105,+1-451-983-2731x585,Port Joshuabury,lynchdiane@hotmail.com,2003-12-25,2nd,Donald Farmer,6,ECE,D
20210039,Heather White,https://www.lorempixel.com/293/820,(018)366-7525,Jennifershire,moorekaren@craig.info,2006-08-24,3rd,Jeremy Nelson,5,CE,D
20210040,Ashley Jordan,https://placekitten.com/580/996,3690034324,Marktown,ythompson@hotmail.com,2003-05-07,2nd,Roy Drake,5,IT,C
20230041,Scott Williams,https://www.lorempixel.com/38/941,969-664-1605x29751,Richardbury,zwarren@yahoo.com,2005-03-17,3rd,Richard Jones,3,ME,D
20200042,Kerry Lee,https://dummyimage.com/715x719,124.329.2127,Webstershire,michelle52@yahoo.com,2000-08-05,2nd,Mark Hogan,6,ECE,A
20220043,Heather Jones,https://www.lorempixel.com/945/925,5411998679,South Reginashire,cassidy82@hayes.com,2008-01-07,1st,Andrew Zimmerman,4,CE,B
20210044,Kelly Bishop MD,https://placeimg.com/579/793/any,001-590-515-1864x49251,West Kyle,brookehurley@yahoo.com,2005-11-03,1st,Gary Anderson,5,CSE,A
20210045,Theresa Osborn,https://placekitten.com/191/867,5423573322,West Meganville,nancy92@bennett.org,2002-04-01,1st,Andrew Diaz,5,CSE,C
20200046,Tracy Bishop,https://dummyimage.com/919x479,735-977-4688x6239,Port John,angela18@gmail.com,2004-04-13,2nd,Christopher Cole,6,EEE,D
20210047,Sandra Davis,https://placekitten.com/454/923,6068536153,West Sarahmouth,benjaminlowery@horton-taylor.info,2007-01-24,2nd,Taylor Smith,5,IT,D
20210048,Chase Bentley,https://placekitten.com/866/227,410.369.7117,Lake Zacharybury,ruben95@duncan.com,2008-05-03,4th,Mr. Joseph Romero,5,ME,B
20200049,Kristen Myers DDS,https://placekitten.com/792/764,001-051-531-9520x5852,Pollardfort,bryanparsons@johnson-harris.com,2000-02-23,1st,Eric Sanders,6,IT,D
20220050,Kara Johnson,https://placekitten.com/391/585,001-054-156-6765x27758,Lauriechester,lmorrison@carter.com,2004-08-24,4th,Mitchell Jackson,4,ME,D
20200051,Jeremy Acosta,https://placekitten.com/722/890,+1-016-582-0297x0213,Michaelshire,erikarush@wallace-jones.com,2005-09-04,1st,Matthew Wright,6,CSE,D
20220052,Noah Porter,https://placekitten.com/792/241,001-473-947-3121x72715,Jennaside,melissa25@hotmail.com,2003-04-01,1st,Curtis Taylor,4,ECE,B
20210053,Allison Spencer,https://dummyimage.com/755x957,+1-114-678-6691x251,Owenshaven,nataliedeleon@hotmail.com,2002-07-12,4th,Carl Shaw,5,ECE,D
20210054,Sandra Holmes,https://dummyimage.com/622x337,358-414-3842x49818,New Shelly,donnale@morgan.com,2000-10-24,3rd,Martin Ray,5,ME,B
20200055,Pamela Butler,https://placekitten.com/62/1019,+1-473-647-1027x6773,Catherinemouth,theresa25@hotmail.com,2001-03-28,4th,John Adams,6,CE,A
20200056,Brent Roberts,https://dummyimage.com/786x856,(595)327-8774,Johnsonfurt,jasongomez@gmail.com,2004-03-21,1st,Stephen Pena,6,CSE,B
20210057,Joshua Boone,https://placekitten.com/882/274,001-565-060-9835x8416,Duranview,theresalong@grant-diaz.com,2002-10-26,4th,James Williams,5,ME,D
20210058,Micheal Brock,https://dummyimage.com/935x305,952-694-9588x87947,West Markville,laura09@yahoo.com,2003-12-13,4th,Dr. Ricardo Lane,5,CSE,B
20230059,Lauren Jackson,https://dummyimage.com/778x302,9130756263,Shawfort,aprilhoffman@mendoza.info,2005-04-04,1st,Michael Dillon,3,ME,C
20230060,Regina Baker,https://dummyimage.com/991x393,843-443-7575x844,New Ericafurt,stephanie24@gmail.com,2004-04-29,3rd,Bob Bradshaw,3,ME,D
20210061,Nicole Lewis,https://dummyimage.com/555x556,993-308-3301,Riverafort,adampierce@russell.info,2002-10-29,2nd,Dustin Mitchell,5,EEE,B
20200062,Randy Pearson,https://dummyimage.com/475x76,(206)724-0049x91547,Smallberg,james15@gmail.com,2007-03-29,1st,Nathan Smith,6,IT,C
20200063,Edward Craig,https://placeimg.com/395/359/any,(851)612-2753x04637,Stephanieport,desiree30@wilson.net,2004-09-21,1st,Mark Shepard,6,CE,D
20210064,Daniel Bernard,https://placeimg.com/979/313/any,001-956-878-3391x8785,New Danielside,franklinbond@wilson-harris.org,2007-10-01,1st,Jordan Stokes,5,CE,A
20210065,Jose Bryant,https://placekitten.com/118/946,001-064-039-1065x1801,Johnsonchester,katiegood@stuart.info,2005-11-08,1st,Michael Stanley,5,CE,A
20210066,Martha Bailey,https://dummyimage.com/365x804,001-300-478-6863x3752,Jacobville,bmendez@harris.org,2000-01-02,4th,Michael Brennan,5,CSE,B
20200067,Andrew Gonzales,https://dummyimage.com/444x115,439.599.5342x83644,New Stacyburgh,wwilliams@hotmail.com,2005-12-01,1st,Fernando Butler,6,ME,C
20220068,James Webster,https://dummyimage.com/969x493,270-866-8826x3435,South Melanieland,adamsemily@williams.org,2003-02-15,2nd,Sean Cook,4,IT,C
20210069,Alexis Giles,https://dummyimage.com/240x980,001-936-385-4678x544,Williamfort,langjennifer@yahoo.com,2002-11-21,3rd,Jason Hart,5,ME,B
20220070,Charles Green,https://dummyimage.com/855x604,536.937.8547,Murraystad,jenniferfreeman@mooney.com,2000-04-04,4th,Jason Kirby,4,EEE,A
20200071,Michael Smith,https://www.lorempixel.com/933/764,+1-977-008-8600x848,Andrechester,hullalice@lee.com,2005-06-18,4th,James Watson,6,CE,A
20200072,Karl Branch,https://www.lorempixel.com/462/614,+1-016-668-7002x1765,New Samanthabury,enelson@frost.com,2002-06-26,2nd,Ernest Ali,6,CE,C
20210073,Nicole Marquez,https://placekitten.com/815/157,(939)685-6218,Brianchester,petersonkayla@sanders.com,2007-02-05,3rd,Henry Pugh,5,CSE,B
20220074,Michael Guerrero,https://dummyimage.com/175x604,001-114-262-6551x104,Wardview,christopherjordan@peters.com,2001-01-06,3rd,Richard Shields,4,ECE,D
20220075,Jason Maxwell,https://placeimg.com/497/347/any,(244)472-1264,Evansland,sheryl79@hotmail.com,2002-10-05,1st,Chad Smith,4,IT,C
20200076,Ryan James,https://placekitten.com/674/901,(924)593-7526x54793,Nicholasfurt,frederickjames@hotmail.com,2002-06-30,2nd,Joshua Benton,6,EEE,A
20200077,Michael Gonzales,https://placeimg.com/596/141/any,+1-724-342-6617x97968,Stephensstad,mackdiane@jackson-salazar.org,2006-03-26,2nd,Mr. Robert Rodriguez,6,EEE,C
20210078,Daniel Burgess,https://placekitten.com/452/912,(798)250-7146x1125,Matthewborough,thomas77@yahoo.com,2000-07-29,3rd,Robert Wilson,5,ECE,C
20230079,Maria Byrd,https://dummyimage.com/336x499,+1-258-673-6226,Johnsonborough,tprice@gmail.com,2002-12-07,3rd,Michael Flynn,3,CSE,A
20230080,Rebecca Herrera,https://dummyimage.com/749x667,147.859.6969x155,Williamsonport,lawrenceallen@white.com,2008-02-15,3rd,Kyle Andrews,3,CSE,A
20220081,John Medina,https://placeimg.com/354/341/any,225-790-5072x3688,Ortizfort,fburns@hotmail.com,1999-12-16,2nd,Daniel Johnson,4,IT,C
20210082,Dylan Norman,https://www.lorempixel.com/1014/231,858-078-3613x407,Michaelland,rowejoel@hotmail.com,2005-05-25,4th,Leonard Patterson,5,CE,D
20200083,Rachel Li,https://placekitten.com/121/718,+1-825-449-4812x604,Lake Michelle,jenniferpoole@long.biz,2005-10-25,1st,Mark Beard,6,CSE,B
20200084,Jose Ramirez,https://placeimg.com/755/931/any,901-751-8636x37454,Amyberg,patricia00@gmail.com,2007-04-02,3rd,Timothy Moore,6,CE,B
20230085,William Patterson,https://dummyimage.com/270x618,154-152-0643x611,East Thomasberg,ssmith@montoya-mcneil.biz,2001-09-06,2nd,Darryl Davis,3,CSE,C
20220086,Ashley Richardson,https://placeimg.com/612/280/any,001-221-890-9275x32697,North Peggy,lawrencepatrick@edwards-taylor.com,2000-11-12,1st,Kyle Griffith,4,EEE,B
20210087,Todd Johnson,https://dummyimage.com/617x420,001-640-376-1379x1805,Davidshire,amy27@gmail.com,1999-09-19,1st,Adam Lewis,5,EEE,D
20210088,Tiffany Sanders,https://placeimg.com/586/850/any,001-618-892-4141x832,Peterland,pblair@gmail.com,2003-08-05,2nd,Jeffrey Chavez,5,ECE,B
20230089,Ellen Harmon,https://www.lorempixel.com/359/244,001-202-758-8425x241,West Lindsayview,jennifer91@gibson-ward.info,2002-04-09,1st,David Garcia,3,ECE,C
20230090,Miranda Perez,https://www.lorempixel.com/5/90,075.622.0863,Johnmouth,duncandavid@hotmail.com,2000-04-30,2nd,Robert Jarvis,3,EEE,B
20200091,Andrea Marshall,https://placekitten.com/578/636,870-534-9493,Richardsonfort,edwardrandolph@hall.com,2005-02-17,4th,Matthew Sweeney,6,CSE,D
20210092,Ashley Moreno,https://placeimg.com/487/859/any,2410386571,New Dennisfurt,grahamtamara@carter.biz,2004-12-25,2nd,Dillon Jones,5,ME,C
20220093,Richard Richards,https://dummyimage.com/318x216,756.185.3747x411,Port Gina,marymurphy@dawson.biz,2008-03-02,2nd,Edwin Wilkins,4,ECE,A
20210094,Tristan Bond,https://placeimg.com/511/193/any,210-032-3651,Samanthaland,gonzalezdebbie@davis.com,2000-02-28,4th,Anthony Glass,5,EEE,C
20200095,Nathaniel Crawford,https://dummyimage.com/783x873,(324)472-0999x347,Andradefort,ramirezderrick@day.com,1999-10-07,3rd,Richard Howard MD,6,EEE,D
20220096,Dr. Jonathan Price,https://placekitten.com/368/53,+1-304-078-5932x133,Amandaton,lkelly@young.com,1999-11-30,1st,Guy Bradley,4,CSE,C
20210097,Travis Copeland,https://dummyimage.com/1008x632,010.393.0870x5932,Jennifermouth,hernandezjanet@schroeder.com,2000-08-31,3rd,Tom Foster,5,CSE,A
20230098,Eric Taylor,https://placeimg.com/322/894/any,+1-528-953-9264x4220,Rosalesshire,carriemccall@walker.com,2005-01-24,3rd,David Haas,3,IT,C
20230099,Stephen Davis,https://www.lorempixel.com/687/914,331-541-0067x626,Maciasstad,poolekristina@hotmail.com,2003-04-09,1st,Benjamin Singleton,3,ME,B
20220100,Fernando Lynn,https://dummyimage.com/151x700,(218)159-9706x2962,North Markborough,donna43@gmail.com,2000-04-11,1st,Joshua Henry,4,IT,D
20200101,Aaron Miller,https://www.lorempixel.com/983/408,3241714677,Christopherside,nathanjames@gmail.com,2007-01-06,2nd,Jeremiah Baker,6,EEE,D
20200102,Kristy Hernandez,https://placekitten.com/198/175,+1-693-806-8687,South Kent,shawrachel@hotmail.com,2001-12-10,3rd,Peter Thompson,6,CE,C
20200103,Dr. Rhonda Martinez,https://placeimg.com/867/160/any,294.511.6868,Melissahaven,buchanancindy@hotmail.com,2006-07-28,3rd,Chase Knight,6,CE,C
20230104,Traci Garcia,https://placekitten.com/216/206,+1-564-679-9702,Richardfurt,vpreston@young.com,1999-10-11,3rd,Riley Collins,3,ME,C
20210105,Shannon Cohen,https://placekitten.com/466/275,001-754-691-3736x7850,North Larry,kimberlywarren@hotmail.com,1999-12-04,2nd,Shaun Gonzalez,5,ME,D
20210106,Andrew Williams,https://placekitten.com/738/407,(786)103-5797x279,Maxview,anthony02@chan.com,2002-12-13,3rd,Jason Smith,5,ME,A
20220107,Patricia Smith,https://www.lorempixel.com/270/354,494.466.5743,Turnerhaven,smithyvonne@yahoo.com,2004-03-29,3rd,Brian Brown,4,ECE,D
20220108,Margaret Hensley MD,https://dummyimage.com/611x385,309.652.0744x66609,West Jessica,qknox@romero-bruce.net,2002-07-07,4th,John Figueroa,4,ME,D
20210109,Kristin Gaines,https://dummyimage.com/687x182,(346)554-9471x709,South Pamelahaven,amoreno@pitts.com,2002-11-03,4th,William Orozco,5,IT,B
20200110,Mrs. Shannon White,https://placekitten.com/165/998,+1-250-074-3292x7129,Schultzfurt,creyes@hotmail.com,2002-10-29,3rd,Travis Mcclain,6,CE,C
20200111,Kiara Smith,https://dummyimage.com/8x509,001-542-168-9421x044,Lunahaven,ibarron@yahoo.com,2007-10-09,2nd,Colin Vaughan,6,IT,C
20210112,Jennifer Perez,https://www.lorempixel.com/268/432,001-821-506-4890,Lake Danieltown,butleromar@king.com,2004-07-22,2nd,Brian Meyer,5,ECE,A
20200113,Mercedes Barnes,https://placekitten.com/214/241,173-934-8356,Ethanside,haleycastillo@gmail.com,1999-06-25,2nd,Brandon Rodriguez,6,ME,A
20230114,Kathleen Herring,https://placekitten.com/153/207,+1-374-470-1204x5561,Port Katherineton,elizabethjackson@kline-friedman.com,2001-01-05,4th,Grant Wilson,3,IT,B
20230115,Jesus Houston,https://dummyimage.com/979x863,202-169-7972,Maxwelltown,hknapp@alexander-brown.com,1999-08-23,4th,Michael Saunders,3,ME,B
20210116,Krystal Levine,https://placeimg.com/692/195/any,+1-375-628-9002x87721,Floresmouth,hunterandrea@yahoo.com,2006-04-17,1st,Blake Wallace,5,CSE,D
20210117,Anita Jimenez,https://placeimg.com/647/243/any,001-016-608-8019x9488,Lake Emily,marcia37@yahoo.com,2007-06-25,2nd,Jack Chavez,5,IT,D
20200118,Matthew Smith,https://placekitten.com/727/597,001-102-726-1493x316,South Makayla,daniel60@monroe.info,2007-03-20,2nd,Tyler Taylor,6,CSE,D
20210119,Mr. Anthony Mcconnell PhD,https://dummyimage.com/989x362,001-216-995-8669x3465,Shawnberg,vmorrison@evans.net,2003-02-17,4th,Marcus Roberts,5,IT,C
20230120,Michael Zavala,https://www.lorempixel.com/364/660,001-587-996-8460x81062,Lake Brianview,frances20@mueller.com,2007-02-18,4th,Sean Stevenson,3,CE,D
20210121,Natalie Hoffman,https://www.lorempixel.com/486/589,(665)800-4397x3598,Port Jenny,shane12@moss.biz,2000-02-15,4th,Justin Anderson,5,ME,C
20210122,Dawn Rivera,https://dummyimage.com/317x81,909-479-8515x83281,South Amy,baileynicole@hotmail.com,2005-01-29,3rd,Edward Clements,5,CE,D
20210123,Karen Hoffman,https://placekitten.com/18/234,399.305.6164x840,Williehaven,pwilliams@gmail.com,2004-11-18,3rd,Travis Jackson,5,ME,A
20220124,Kimberly Smith,https://dummyimage.com/134x431,+1-613-861-2075x01102,Angelashire,rickey76@stewart-price.com,1999-07-14,2nd,Luke Avila,4,EEE,C
20220125,Mercedes Jones,https://placekitten.com/217/593,+1-147-660-7283x268,Susanberg,susan08@hotmail.com,2001-11-02,1st,Aaron Carlson,4,ECE,B
20210126,Theresa Torres,https://placeimg.com/704/433/any,+1-822-239-4312x9087,West Emilyview,jessicafreeman@howard-lambert.com,2001-02-18,4th,Benjamin Lee,5,IT,B
20210127,Mr. Matthew Steele,https://placekitten.com/312/746,(205)336-4525x77754,Arnoldburgh,michele28@baker.com,2000-09-18,1st,Samuel Welch,5,ME,D
20220128,Lauren Hammond,https://placekitten.com/435/75,+1-872-563-9427,South Michaeltown,katherinetaylor@white.com,2007-08-29,4th,Andrew Juarez,4,ME,A
20210129,Dennis Young,https://placeimg.com/423/739/any,700.518.4498x9266,Brianaland,okaufman@hotmail.com,2006-05-03,4th,Sean Tucker,5,ME,A
20230130,Mr. Jonathan Taylor,https://www.lorempixel.com/339/471,432.225.9136x51777,New Evan,sanchezdavid@hotmail.com,2002-03-05,4th,Jose Macdonald,3,CSE,C
20220131,Christopher Nielsen,https://placekitten.com/830/38,379-772-3692,New Donna,jennifercooper@yahoo.com,2000-08-08,4th,James Rodriguez,4,ME,B
20230132,Scott Gordon,https://www.lorempixel.com/859/306,(799)088-1172,Port Erikachester,nancy86@gmail.com,2007-08-20,2nd,James Chapman,3,EEE,D
20230133,Pam Horton,https://dummyimage.com/200x871,731-498-6430x098,New Adrianborough,jcox@yahoo.com,2003-10-01,1st,Joshua Cunningham,3,ME,C
20230134,Wendy Sanders,https://placeimg.com/417/846/any,(588)744-9562,Lake Jerryburgh,williamhartman@mendez.biz,1999-07-10,2nd,Rodney Ruiz,3,ME,B
20200135,Anita Baker,https://www.lorempixel.com/759/163,001-669-849-0277x0384,North Kristen,emilyward@smith.biz,2005-06-10,4th,Jared Gonzalez,6,CE,A
20200136,Michael Calhoun,https://placekitten.com/582/712,393-769-0426x818,New Kellyville,heather69@yahoo.com,2003-07-28,4th,Tyrone Ellis,6,ECE,D
20210137,Kevin Johnson,https://www.lorempixel.com/238/528,(335)658-8043x4165,New Sarahfort,jeffery94@gmail.com,2002-09-01,1st,Curtis Moss,5,EEE,D
20220138,Christine Harris,https://dummyimage.com/511x729,001-111-790-8075x95794,Whitehaven,kwalker@gmail.com,2000-05-09,2nd,Jay Ayers,4,ME,C
20220139,Gregory Dalton,https://www.lorempixel.com/357/936,001-875-003-6915x594,New Jose,vmullen@yahoo.com,2002-07-24,4th,Daniel Haynes,4,EEE,D
20220140,Scott Ramirez,https://dummyimage.com/368x268,438-663-2270,South Victor,jevans@hotmail.com,2000-03-30,1st,Michael Brown,4,ME,A
20200141,Karen Soto,https://placekitten.com/921/685,(588)450-6159x399,Port Justin,champton@gmail.com,2005-11-30,3rd,John Frye,6,ECE,A
20200142,Margaret Mcfarland,https://www.lorempixel.com/863/828,253-554-4964,Normanstad,bjackson@gmail.com,2003-06-04,1st,Todd Haynes,6,ECE,B
20200143,Christopher Garcia,https://www.lorempixel.com/130/969,6811492164,East Joan,davidroberson@gmail.com,2000-01-12,2nd,Scott Nguyen,6,ECE,B
20230144,William Fernandez,https://dummyimage.com/557x911,001-829-979-6884x578,Port Christopher,robert24@gmail.com,1999-06-09,1st,Peter Taylor,3,CE,B
20230145,Joseph Watts,https://placekitten.com/1007/977,6493085368,Fosterburgh,fwalker@yahoo.com,2003-07-05,3rd,Robert Austin,3,EEE,B
20200146,Denise Wong,https://dummyimage.com/550x845,224-179-7497,West Andrew,lopezcurtis@martinez-gonzales.com,2003-05-24,2nd,Adrian Robinson,6,EEE,A
20200147,Richard Jimenez,https://www.lorempixel.com/760/949,120-461-8723x46013,Wisemouth,gonzalezjill@boyd.info,2006-01-19,3rd,Erik Morris,6,CE,D
20230148,Amanda Pineda,https://placeimg.com/250/518/any,+1-435-031-3650x2491,Mccormicktown,jbarker@townsend-wright.info,2000-12-26,2nd,George Booker,3,CSE,B
20200149,Amy Kelly,https://dummyimage.com/315x219,358.573.0652x4077,Amyfort,amymorris@hill-guerra.net,2002-02-28,3rd,Christopher Phillips,6,IT,A
20200150,Jacob Smith,https://www.lorempixel.com/776/379,+1-593-518-6387x829,Marcusmouth,millscarl@white.com,2001-04-03,3rd,Brett Duncan,6,CE,D
20220151,Mary Fox,https://placekitten.com/524/100,910.371.7058,Shortton,navarromary@gmail.com,2003-02-08,1st,Mr. Neil Schmidt,4,CE,C
20200152,Joseph Wright,https://www.lorempixel.com/366/850,001-957-612-2868x52897,Rachelside,robert65@hotmail.com,2003-07-12,4th,Daniel Cannon,6,ME,A
20230153,Dawn Nixon,https://www.lorempixel.com/916/813,001-049-082-4043x3504,North Benjamin,devonrichardson@hotmail.com,2003-09-07,3rd,Robert Davis,3,IT,D
20210154,Thomas Navarro,https://dummyimage.com/664x988,919.409.6105x5661,Lake Denise,hbrown@flores.com,2004-12-28,4th,Daniel Williams,5,ECE,C
20230155,Jenna Griffin,https://placeimg.com/184/454/any,622-517-9086x4168,Ayalaberg,fhansen@pearson-gonzalez.org,2008-05-08,4th,Benjamin Frank,3,ME,C
20220156,Thomas Davis,https://placekitten.com/847/867,(355)904-2597x927,Port Jesusstad,rodriguezbrian@mcintosh.com,2005-04-10,2nd,Brian Cole,4,CSE,C
20230157,Daniel Medina,https://placeimg.com/417/529/any,+1-206-980-4204x394,South Dianatown,qguerrero@ward.biz,2003-05-14,2nd,Jordan Mckinney DVM,3,ME,D
20220158,Mr. Brandon Gonzalez,https://www.lorempixel.com/937/44,845.762.0555,Joelhaven,garrettnatasha@gmail.com,2004-03-14,1st,Glenn Long,4,ME,C
20210159,Nicholas Meyer,https://dummyimage.com/465x854,001-264-957-8232,Port Devin,xforbes@douglas.com,2004-10-31,4th,Joseph Ball,5,ECE,C
20220160,Ryan Thomas,https://placeimg.com/60/652/any,(474)231-2209x94999,New Jesse,christopher72@mathis.com,2006-01-09,3rd,Chad Lee,4,EEE,C
20200161,Phillip Smith,https://dummyimage.com/552x845,001-331-279-7573x6609,Cortezfurt,hayesmargaret@rich.net,2006-03-01,2nd,Andrew Hughes DDS,6,CSE,B
20230162,Cheryl Gonzales,https://placeimg.com/623/585/any,(649)082-7718,East Kimberlyside,cgutierrez@white.com,2007-03-03,4th,Fred Wong,3,CE,B
20230163,Carly Quinn,https://placeimg.com/186/233/any,+1-518-689-2686x0259,East Misty,barneskyle@roberts-white.com,2002-11-19,4th,Preston Smith,3,ME,A
20200164,Mr. Robert Franklin MD,https://placeimg.com/444/974/any,(719)903-8498x30220,Benjaminton,samantha01@yahoo.com,2002-06-19,3rd,Duane Guerrero,6,ECE,D
20210165,Laura Hart,https://www.lorempixel.com/932/737,455-616-8147,North Heather,alison83@hotmail.com,2002-12-27,3rd,Brian Blair,5,IT,C
20230166,Victoria Webb,https://placekitten.com/588/874,899-529-9787x729,Lake Kelly,wilsonsteven@mclaughlin.org,2006-06-27,3rd,Gene Castro,3,ME,C
20220167,Alexandra Harris,https://www.lorempixel.com/576/521,488-501-5569x9023,Marthafort,brewertimothy@hotmail.com,2007-04-09,4th,Joshua Rogers,4,EEE,C
20220168,Jennifer Newton,https://www.lorempixel.com/613/646,955.124.0568,New Catherine,hancockkaren@hodge.com,2007-11-21,2nd,Jacob Gallegos,4,CSE,B
20220169,Joseph Thompson,https://dummyimage.com/766x76,780-782-3578,Kimberlyberg,jamiejohnson@reeves-boyd.com,2004-09-21,1st,Michael Wheeler,4,IT,B
20210170,John Williams,https://placekitten.com/639/46,+1-353-344-8571x4224,North Susanside,amydunn@thomas-bush.com,2003-08-07,2nd,Eric Mcclain,5,IT,D
20220171,Amber Johnson,https://placeimg.com/103/216/any,1662997954,Lisaside,fbradley@mcdonald.info,2007-06-09,3rd,Danny Callahan,4,CSE,B
20220172,Susan Myers,https://placeimg.com/676/665/any,017.157.7245x9928,South Lisaville,sparksamanda@yahoo.com,2006-06-20,2nd,David Moore,4,EEE,B
20220173,Mr. Daniel Benson,https://placekitten.com/882/891,+1-321-971-9975,Port Seanport,georgegina@hotmail.com,2005-11-17,1st,Matthew Brown,4,IT,B
20220174,Charles Carpenter,https://dummyimage.com/0x300,846.997.3354x946,Veronicashire,sabbott@wood.com,1999-06-13,1st,Robert Howard,4,CSE,C
20210175,Sharon Young,https://placeimg.com/807/651/any,(668)327-2386x5624,East Alexander,jennifertucker@proctor-taylor.com,2006-07-05,4th,Steven Dominguez,5,CSE,A
20220176,Lisa Gibson,https://placeimg.com/868/921/any,(326)909-7384x689,Arthurton,daniel71@gmail.com,2008-05-21,4th,William Maxwell MD,4,ME,D
20220177,Steve Davis,https://placekitten.com/967/159,+1-058-077-8795x654,Garyport,sotobelinda@hotmail.com,2000-04-23,2nd,Eddie Mclaughlin,4,CSE,C
20230178,John Martinez,https://placekitten.com/157/569,(944)401-9292,Woodburgh,toddlloyd@gmail.com,2005-04-07,1st,Walter Larson PhD,3,CSE,D
20230179,Nicole Gutierrez,https://placeimg.com/784/487/any,001-239-504-1027x6747,South Frances,hbaker@yahoo.com,1999-08-20,1st,Robert Reyes,3,CE,A
20210180,Joseph Blanchard,https://placeimg.com/199/724/any,+1-454-414-9673x938,Ericaburgh,chambersmarie@gmail.com,2006-06-06,2nd,Brian Griffin,5,CE,C
20200181,Douglas Lee,https://www.lorempixel.com/48/188,+1-391-119-2692x124,Stevenland,kayla54@gmail.com,2000-09-09,2nd,Antonio Price,6,CSE,D
20210182,Deanna Hess MD,https://dummyimage.com/142x1007,+1-627-128-6391x741,North Chadview,mosleyeduardo@hotmail.com,1999-06-13,4th,Matthew Adams,5,ME,D
20220183,Summer Andrews,https://placeimg.com/1004/979/any,(183)067-1985x5460,West Amandamouth,shodges@harris.com,2004-07-08,4th,Steven Mccoy,4,EEE,A
20200184,Bradley Chen,https://www.lorempixel.com/388/286,093.761.8478,Levytown,brian06@lewis.net,2007-03-26,2nd,Seth Herrera,6,IT,B
20220185,Crystal Jones,https://www.lorempixel.com/289/1001,903.202.0417x9291,North Tylerbury,ronaldcain@gregory.org,2001-10-08,1st,Vincent Lewis,4,ECE,B
20210186,Christopher Brown,https://placeimg.com/560/289/any,(582)739-0219,Stricklandtown,smithharry@gmail.com,2004-04-05,1st,Robert Barton,5,ECE,A
20230187,Christine Bowman,https://dummyimage.com/922x843,(909)279-1456,New Joeville,michelle88@marshall.com,2004-02-19,4th,Brian Hernandez,3,IT,D
20220188,Susan Jimenez,https://www.lorempixel.com/327/88,+1-543-645-9701x0822,South Zacharyland,uwatkins@gonzalez-rhodes.com,2003-05-07,1st,Gabriel Garcia,4,ECE,C
20220189,Sheila Bennett,https://placeimg.com/451/150/any,001-706-239-7265,South Jennifer,james20@hotmail.com,2000-06-12,4th,Brian Owens,4,CSE,B
20220190,Philip Robinson,https://dummyimage.com/604x321,001-831-687-3977,Alexischester,markriley@shah.biz,2000-03-08,2nd,John Mack,4,ME,A
20210191,Joseph Mendoza,https://placeimg.com/200/926/any,180.632.5431,South Elizabethburgh,braysteven@gmail.com,2006-04-30,2nd,Seth Sims,5,EEE,B
20200192,April Burton,https://www.lorempixel.com/788/681,649-893-1950x8501,Diazton,gregory81@hotmail.com,2002-12-01,1st,George Fernandez,6,ECE,C
20220193,Nancy Goodwin,https://placekitten.com/429/461,(486)401-5577x881,Mckinneyside,zoliver@hotmail.com,2000-07-19,4th,Stephen Miller,4,CSE,D
20220194,Christopher Mullen,https://dummyimage.com/157x223,127-238-0468x275,Wallacetown,bryanwiggins@gmail.com,2008-04-09,4th,Jason Cooper,4,EEE,D
20230195,Erin Watkins,https://placekitten.com/911/937,001-242-437-5402,Justinburgh,ian22@young.com,2001-08-01,1st,Jacob Harris,3,CE,A
20230196,Mary Spence,https://placeimg.com/302/763/any,+1-284-106-7275,North Tara,thomas49@hotmail.com,2001-12-07,3rd,Nicholas Nielsen,3,CE,C
20200197,Brian Mendoza,https://www.lorempixel.com/82/285,069-375-1509x3983,Jamesland,daughertypreston@yahoo.com,2004-11-02,1st,Jorge Brown,6,ECE,A
20220198,Jennifer Baldwin,https://placeimg.com/875/757/any,(045)547-8137x674,Port Jessica,ltaylor@hotmail.com,2000-11-23,1st,Eric Mcneil,4,ECE,D
20230199,Gabriela Fitzpatrick,https://www.lorempixel.com/769/181,(462)879-2326x48704,Troymouth,moodyeric@blanchard-flowers.info,2001-07-18,3rd,Steven Butler,3,ECE,D
20230200,Michael Sanchez Jr.,https://www.lorempixel.com/567/1009,+1-597-964-7158x904,New Brian,ijohns@yahoo.com,2002-03-18,1st,Isaac Fields,3,ME,C
20230201,Amber Carter,https://dummyimage.com/157x396,001-192-855-4451x89520,New Juan,kpeterson@gmail.com,2003-02-20,3rd,Daniel Lopez,3,EEE,A
20210202,Lisa Guerra,https://placeimg.com/233/854/any,120-754-5279,Geraldport,walkermelissa@watts.com,2003-01-01,3rd,Blake Vazquez,5,ME,D
20220203,Angela Hampton,https://dummyimage.com/883x87,089-071-4014,Port Colinville,jackbell@thomas.com,2005-05-08,4th,Scott Norman,4,CE,A
20230204,Kathy Jones,https://dummyimage.com/28x444,280-138-7592x7125,Colemanhaven,urodriguez@owens.com,2007-11-13,1st,Michael Hawkins,3,EEE,C
20220205,Garrett Wilson,https://placekitten.com/580/935,+1-738-646-3175x20716,Millsland,ralphneal@figueroa.com,2005-08-15,1st,Mr. Kurt Ewing,4,ME,A
20230206,Ryan Hardy,https://placeimg.com/570/559/any,(796)784-2711x477,Lake Sherri,rojasmaria@gregory-stanton.biz,2004-12-29,4th,Marco Davis,3,CSE,B
20220207,Paul Saunders,https://placekitten.com/954/413,+1-778-485-8800x61675,Ramoston,angeladalton@dyer-martin.biz,2001-09-20,4th,James Gallagher,4,IT,D
20200208,Katherine Spencer,https://dummyimage.com/962x974,064.796.9545x00902,Michaelshire,oscar65@jenkins-brown.com,2003-08-24,2nd,Erik Miller,6,EEE,B
20220209,Sheila Wilson,https://placekitten.com/347/40,7698640790,Nicholasfurt,stokescraig@hotmail.com,2002-12-08,4th,Jonathan Hubbard,4,IT,D
20200210,Lucas Cox,https://placeimg.com/892/413/any,+1-183-440-4963x9191,Joshuashire,yclark@gmail.com,2004-07-26,1st,Elijah Alvarado,6,IT,B
20210211,Jason King,https://www.lorempixel.com/928/369,+1-829-737-4896x9083,Stevenbury,megan65@walters.com,2004-04-25,3rd,David Burke,5,CE,A
20230212,Brian Lee,https://placeimg.com/502/635/any,866.032.4204x4820,Caseyton,carolyn16@powers-blackwell.biz,2001-10-28,1st,Kenneth Mason,3,ECE,A
20230213,Matthew Carpenter,https://www.lorempixel.com/515/1016,915.596.3632,East Jasonview,lking@gmail.com,2007-10-10,1st,Michael Rodriguez,3,IT,B
20230214,Karen Sanchez,https://placekitten.com/568/296,540.900.3486x4518,Port Scott,qpennington@davis-carson.com,2004-06-29,3rd,Steve Moon,3,CE,C
20230215,Sherry Wang,https://placekitten.com/832/69,776-561-2481,Robertside,wneal@gmail.com,2002-07-23,4th,Richard Taylor,3,ME,B
20230216,Mark Edwards,https://dummyimage.com/168x226,829.657.7242,Laurenborough,zrichardson@duffy-wilkerson.com,1999-10-14,2nd,Thomas Holland,3,ME,B
20210217,Susan Mccann,https://dummyimage.com/406x536,6969421529,North Jenniferchester,twilson@gmail.com,2002-09-04,1st,Robert Adams,5,EEE,D
20220218,Janet Reynolds,https://placekitten.com/423/441,001-362-620-4439x7359,Millerfort,terri63@reyes.com,2001-01-20,3rd,Anthony Galvan,4,CSE,C
20220219,Hector Obrien,https://placekitten.com/93/10,964.652.8092x42875,Andersonmouth,jorgeedwards@gmail.com,2007-12-04,4th,Ruben Adkins,4,ECE,D
20230220,Diane Mcdowell,https://placeimg.com/540/641/any,(572)870-3203,North Thomas,fgraham@alexander.net,2007-09-08,3rd,Brian Cortez,3,EEE,D
20230221,Gregory Harris,https://dummyimage.com/581x369,001-849-939-0892x6137,West Anthonyville,brittany15@gmail.com,1999-12-04,3rd,Ronald Keller,3,ECE,B
20230222,Tyler Wheeler,https://www.lorempixel.com/11/674,+1-975-923-0450x1896,South Jonathanbury,smithjared@yahoo.com,2006-04-12,2nd,Paul Valdez,3,ME,A
20220223,John Reynolds,https://placekitten.com/635/268,+1-158-377-6749x96165,South Crystal,palmerteresa@walker.info,2008-05-27,4th,Joseph Roberts,4,IT,D
20230224,Terry Woods,https://placekitten.com/304/261,864.908.1081,Gutierrezmouth,jonathan18@gmail.com,2001-05-15,2nd,Joel Hartman,3,ME,A
20210225,Amber Butler,https://placeimg.com/609/642/any,001-794-523-2194x16800,Wilsonburgh,qholt@hotmail.com,2007-09-18,3rd,Robert Jensen,5,CSE,D
20200226,Tracey Leonard,https://dummyimage.com/619x179,(031)030-3723,Wilkinsonside,turnersteven@henderson-wilson.com,2007-01-03,4th,Mr. Scott Richards,6,CSE,B
20230227,Keith Bass,https://www.lorempixel.com/104/683,667-998-4076,Palmerfort,ricerobert@tran-adams.biz,2007-06-27,2nd,Marcus Lucas,3,CSE,D
20220228,Jeffrey Martin,https://placekitten.com/393/961,383.959.7246x657,New Jared,manderson@obrien.biz,2007-10-31,3rd,Daniel Williams,4,CE,D
20200229,Stanley Kelly,https://www.lorempixel.com/324/357,561-931-8374,Kristenton,melissarusso@hotmail.com,2001-03-16,3rd,Timothy Kim,6,IT,D
20220230,Ryan Rodriguez,https://www.lorempixel.com/216/208,121.352.4787x12552,Port Jameschester,marywells@wagner-miller.com,2006-06-29,4th,Maurice Hernandez,4,CE,A
20200231,Jennifer Perez,https://placeimg.com/878/846/any,850.720.8115x562,Brownton,levinetina@liu.net,2004-08-10,2nd,Erik Cooper,6,IT,C
20210232,Stephanie Bishop,https://placeimg.com/300/827/any,+1-389-975-6341x0856,New Victoria,christopherarnold@hotmail.com,2005-03-25,1st,Christopher Johnson,5,ME,A
20200233,Leslie Allen,https://www.lorempixel.com/622/865,001-054-851-0174x9075,Port Julie,kevin92@gray.net,2002-09-16,4th,Isaiah Garcia,6,ECE,C
20200234,Sandra Miller,https://dummyimage.com/127x870,371.586.9886x4976,Barkerfort,drewmartinez@hotmail.com,2007-03-22,1st,Michael Boyer,6,EEE,A
20220235,Daniel Kennedy,https://www.lorempixel.com/321/756,+1-611-594-0821x545,Kellytown,kristenfisher@small-lewis.info,1999-06-20,3rd,Gregory Harrell,4,EEE,D
20210236,Kenneth Knight,https://placeimg.com/691/772/any,001-922-877-7251x9966,South Matthew,pfitzgerald@cline.com,2004-09-08,2nd,Caleb Hansen,5,CE,D
20210237,Luke Ray,https://placeimg.com/108/387/any,018.204.3397x18956,South Michelletown,bwhite@hotmail.com,2004-10-31,2nd,Brandon Petty,5,ECE,A
20230238,Dominique White,https://placekitten.com/183/315,(209)520-0461x52654,Davidville,johnharper@vasquez.biz,2001-05-23,2nd,Fernando Tran,3,ME,B
20210239,Allen Schultz,https://www.lorempixel.com/38/551,824.967.1832,Amberburgh,jali@williams-hess.org,2004-05-09,4th,Christopher Brown,5,IT,C
20230240,Denise King,https://dummyimage.com/778x719,001-840-289-1416,Port Donaldside,gclark@yahoo.com,2005-04-06,3rd,William Zimmerman,3,IT,A
20230241,Matthew Morris,https://placekitten.com/431/941,2097002687,Medinaland,wchambers@carey-howard.com,1999-07-30,3rd,Jacob Lee,3,IT,B
20200242,Patrick Chang,https://www.lorempixel.com/732/392,+1-433-750-4793x036,Port Joshuahaven,andreakeller@hotmail.com,2002-06-02,4th,Carl Brown,6,EEE,C
20230243,Kelly Perez,https://www.lorempixel.com/561/392,001-894-870-6056x641,Simpsonhaven,brandonhull@cole.com,1999-11-12,3rd,Darius Norris DVM,3,ME,C
20210244,Christina Murphy,https://www.lorempixel.com/128/198,609.543.1735x0583,Port Carolmouth,friley@rangel.com,2000-07-16,4th,Antonio Lang,5,ME,A
20210245,Leslie Reynolds,https://www.lorempixel.com/208/114,661-963-9907x6769,West Debratown,briana11@gmail.com,2000-07-31,4th,Ryan Strong,5,CE,C
20220246,Jordan Kelly,https://dummyimage.com/985x910,200.249.6854,East Terrance,miguel08@hotmail.com,2001-11-22,3rd,Jonathon Conley,4,CSE,D
20220247,Jennifer Gonzalez,https://www.lorempixel.com/410/412,377-959-9594x65217,South Jeffreytown,stevenlewis@navarro-cisneros.com,2005-10-29,1st,Clinton Fritz,4,CE,A
20230248,Benjamin Johnson,https://placekitten.com/235/291,395.003.3423x425,East James,renee02@pena-dyer.com,2003-01-04,3rd,David Pacheco,3,ECE,C
20210249,Teresa Rowland,https://www.lorempixel.com/888/133,(233)865-5963,Port Christinaborough,markbrown@yahoo.com,2001-08-01,2nd,Warren Blackwell,5,CE,C
20210250,Brad Ruiz,https://placeimg.com/132/342/any,001-857-872-5587x77496,East Jeffreyborough,randytorres@yahoo.com,2002-02-08,1st,James Pierce,5,IT,A
20220251,Bradley Wallace,https://www.lorempixel.com/720/471,895.677.6657x546,East Scottview,rachel48@payne.com,2001-02-08,4th,Isaac Payne,4,CSE,C
20210252,Michael Wright,https://dummyimage.com/562x390,001-840-445-6690x78263,Lake Kara,zacharyhartman@yahoo.com,2007-04-14,1st,Brady Singleton,5,EEE,C
20230253,Tom Butler,https://www.lorempixel.com/898/921,(292)407-5536x668,Marktown,ericcisneros@carroll-lloyd.org,2006-01-30,2nd,Dan Myers MD,3,ECE,B
20220254,Brian Hudson,https://www.lorempixel.com/924/623,(182)097-0231,Campbellbury,gibsonmiguel@gmail.com,2002-05-10,3rd,Theodore Myers,4,ECE,C
20230255,Betty Barnes PhD,https://dummyimage.com/796x422,467.299.4938,Hilltown,zbrown@aguirre.info,2007-04-06,3rd,Andrew Davis,3,IT,C
20200256,Tamara Reed,https://dummyimage.com/609x800,(329)676-2916x03248,Elizabethland,wjenkins@martinez.net,2004-12-23,4th,Christopher Clark,6,CSE,B
20210257,Alexander Fowler,https://placekitten.com/945/780,001-636-004-1257x7711,Lake Stephanie,khoover@roberson.com,2002-06-13,4th,Joseph Myers,5,CE,C
20200258,Phillip Byrd,https://placekitten.com/314/902,(308)370-8164,Williamstown,pwang@kerr-gonzalez.com,2006-08-10,4th,Adrian Hoover,6,CSE,C
20200259,Amy Benjamin,https://dummyimage.com/197x343,6815583938,Mcmillanville,danielmorris@morales.com,2006-01-20,4th,Daniel Barrett,6,EEE,C
20230260,Marcus Williams,https://placekitten.com/447/841,001-971-892-4195x62525,Jonestown,vdixon@gmail.com,2007-12-31,3rd,William Hall,3,CSE,B
20230261,Stephanie Parker,https://www.lorempixel.com/877/498,2574326303,Stevensonmouth,lonnie08@wong-roberts.com,2003-05-01,1st,Gary Allen,3,CE,C
20210262,Susan Ortega,https://placeimg.com/508/455/any,527.017.1302x32129,East William,ucollins@gmail.com,2003-08-07,1st,Larry Turner,5,IT,D
20220263,Tracy Harris,https://placekitten.com/985/163,(627)768-9627x0661,Brookeberg,oscar47@brooks-obrien.com,2005-02-06,4th,John Moore,4,CSE,B
20200264,Adam Mason,https://placeimg.com/766/1006/any,(656)749-1601x69236,Kelseystad,heather66@hotmail.com,2003-08-19,1st,Andrew Li,6,EEE,D
20200265,Megan Terry,https://placeimg.com/302/535/any,+1-243-992-0116x69183,Martinchester,vincent86@hotmail.com,2004-09-02,1st,Paul Glass,6,ECE,B
20230266,Ashley Armstrong,https://placekitten.com/705/292,001-364-027-0116x8646,East Nicholas,tomshaw@hayes.com,2002-11-07,4th,Clayton Malone,3,EEE,D
20210267,Steven Ortiz,https://www.lorempixel.com/223/340,161-415-0937x7100,Karentown,clarklatoya@morrison-hatfield.com,2007-09-13,4th,George Jordan,5,IT,A
20230268,Steve Key,https://placeimg.com/490/739/any,(905)510-7620x9184,West Shannon,akeller@hotmail.com,2004-11-29,4th,Isaac Williams,3,EEE,A
20220269,Erika Wallace,https://www.lorempixel.com/992/819,(671)649-3289x802,Roblesport,peggyfriedman@yahoo.com,2003-07-13,2nd,Christopher Raymond,4,ME,D
20210270,Ashley Holder,https://placekitten.com/59/328,(434)712-8715x3991,Nicholasfurt,jeffreywilson@gmail.com,2001-04-30,3rd,Patrick Pineda,5,CSE,C
20220271,Audrey Richardson,https://www.lorempixel.com/641/778,098-366-5528x9931,Smithmouth,lisaphillips@gmail.com,2007-12-08,1st,Charles Campbell,4,ME,C
20210272,Sarah Carey,https://placekitten.com/70/655,149.737.4605x23302,Lunaport,kelleymatthew@kennedy.com,2008-05-30,1st,Douglas Leblanc,5,ME,A
20210273,Kimberly Davis,https://placekitten.com/662/110,292.774.2333x059,Lake Kristenberg,kshelton@gmail.com,2001-01-24,1st,John Landry,5,CSE,C
20210274,Jose Morgan,https://placeimg.com/888/304/any,013.674.9261,Hancockfurt,hrichardson@gmail.com,2000-11-02,2nd,Martin Kerr,5,CE,B
20200275,Kevin Archer,https://www.lorempixel.com/982/560,001-267-649-2151,South Lisa,ihawkins@freeman.com,2002-12-18,2nd,Dr. Christopher George,6,CE,B
20210276,Justin Mcbride,https://dummyimage.com/251x80,001-321-840-1184,Tammyburgh,wrightbrandon@hotmail.com,2004-06-04,3rd,Jeremy Ray,5,ECE,A
20220277,Kelly Andersen,https://www.lorempixel.com/721/429,+1-030-324-3298x39542,Jonesview,ksantos@yahoo.com,2007-03-11,2nd,David Coleman,4,ECE,C
20210278,Kimberly Jones,https://placekitten.com/551/394,001-892-625-6609,North Joseph,ojones@cox.com,2001-12-03,1st,Darius Smith,5,IT,A
20210279,Wayne Gray,https://dummyimage.com/215x252,497.185.9484x91025,Whiteside,qvargas@gmail.com,2008-03-03,1st,Matthew Thomas,5,EEE,B
20220280,Debra Sellers,https://placeimg.com/758/510/any,001-727-578-4468x341,Richardmouth,jonesjohn@martin.com,2004-04-18,1st,Johnny Baxter,4,ECE,C
20200281,Jessica Romero,https://placeimg.com/279/982/any,816.093.0685x38909,Oconnellhaven,charlesfranco@gomez.com,2005-10-13,2nd,Mr. Michael Decker,6,IT,D
20200282,Shannon Roberts,https://placekitten.com/989/601,096.348.0797,West Adammouth,michael05@hotmail.com,2002-08-07,1st,Adam Jordan,6,ME,D
20220283,Joseph Roach,https://placeimg.com/841/253/any,2437654562,Danielmouth,donaldburgess@gmail.com,2005-07-18,1st,Michael Rodriguez,4,ME,B
20200284,Casey Fisher,https://dummyimage.com/678x64,+1-374-167-8725x68621,Port Andrewberg,saundersjoel@hotmail.com,2005-04-02,3rd,Kyle Smith,6,ME,A
20200285,Douglas Miller,https://dummyimage.com/878x507,001-823-414-3637x1892,Port Brittany,davidmorales@mooney-hickman.biz,1999-09-25,4th,Brandon Williams,6,ME,D
20200286,Eric Schultz,https://placekitten.com/473/454,(708)604-1454x56350,North Aaron,justinramirez@hotmail.com,2001-02-23,4th,David Henry,6,IT,D
20200287,Brian Caldwell,https://placekitten.com/266/678,001-598-953-4396x1129,North Brendaborough,eschaefer@montgomery.com,2002-01-17,1st,Corey Pierce,6,EEE,B
20200288,Shawn Castaneda,https://placeimg.com/711/749/any,+1-161-768-8029x4240,Port Teresaborough,gcohen@gmail.com,2002-04-01,2nd,Jordan Hart,6,EEE,C
20230289,Lawrence Clark,https://dummyimage.com/7x327,001-087-884-4344,East Jeffreyside,benjamin24@nelson.com,2003-01-02,3rd,Aaron Bailey,3,ME,D
20200290,Jackie Miller,https://placeimg.com/540/273/any,+1-450-053-4240x891,Bautistaview,rwalker@perkins.com,2007-01-08,1st,Nicholas Richardson,6,IT,B
20230291,Anna White,https://dummyimage.com/378x360,001-724-042-2693,East Charlesbury,hgarcia@gmail.com,1999-08-20,4th,James Smith,3,ECE,D
20220292,Pamela Newman,https://dummyimage.com/89x270,001-142-900-1851x32797,West Martin,brianholt@stephens.net,2004-06-24,4th,Stephen Perry,4,ME,D
20200293,Danny Perez,https://placekitten.com/789/301,+1-436-172-1314x5195,West Sandraland,gregorymoreno@white.com,2004-04-25,3rd,Brian Hendricks,6,ME,C
20220294,Tasha Cochran,https://dummyimage.com/156x4,001-252-677-1196x42152,Port Paul,scoleman@yahoo.com,2005-02-08,3rd,Tony Dorsey,4,ECE,D
20200295,Joshua Ryan,https://placeimg.com/1008/471/any,968-931-3503,West Angelaberg,pruittmichael@phillips.net,2006-08-06,1st,Ronald Brown,6,CSE,A
20230296,Victor Padilla,https://placeimg.com/773/53/any,(019)179-2025x213,North Ashleychester,terrytaylor@hale.com,2006-12-26,1st,Michael Mitchell,3,IT,C
20210297,Stanley Johnson,https://www.lorempixel.com/355/328,(678)498-4362x4186,Lake Jason,philipcarson@jacobs.info,2004-10-05,1st,Jared James,5,CE,C
20200298,Jacob Coleman,https://www.lorempixel.com/552/222,595-034-2811,New Alex,andrealittle@gmail.com,2003-07-10,4th,William Cunningham,6,EEE,D
20200299,Rachel Williams,https://placekitten.com/644/190,5468356521,Richardhaven,andrewflynn@willis-christian.com,2002-03-05,3rd,Joel Mcclure,6,CE,C
20220300,Nathan Wilkerson,https://placekitten.com/288/329,254.596.0633x991,New Courtney,ballarddouglas@yahoo.com,2000-11-30,1st,Jesse Jackson,4,CE,B
20210301,Barry Ray,https://www.lorempixel.com/723/182,(747)472-1970,Michelefurt,scotthunt@hotmail.com,2004-10-07,4th,Michael Hunter,5,ECE,A
20220302,Shawn Fleming,https://www.lorempixel.com/116/501,(146)296-1367,West Stevenside,millerjessica@yahoo.com,2006-10-20,3rd,Gary Stewart,4,CSE,C
20210303,Katelyn Park DDS,https://www.lorempixel.com/570/930,+1-272-359-0960,Kristinefort,lewisandrew@henderson.com,2000-08-11,4th,Brad Russo,5,CE,A
20220304,Jason Lewis,https://www.lorempixel.com/531/376,654-235-6778,Lake Samuel,hoffmanpatricia@gmail.com,2000-10-03,1st,Kenneth Thomas,4,ECE,C
20220305,Samantha Navarro,https://dummyimage.com/648x29,275.164.8072x791,East Julieborough,carolynrobinson@gmail.com,2002-09-07,3rd,Mr. Adrian Cervantes,4,EEE,A
20210306,Steven Shaw,https://placeimg.com/255/1022/any,(655)868-5127x65289,New Ryan,swalters@hotmail.com,2001-02-13,2nd,Dr. Brian Banks DDS,5,CE,D
20200307,Jon Walton,https://www.lorempixel.com/204/909,+1-463-378-6137x15766,West Kimberlyhaven,nichole44@yahoo.com,2003-07-17,2nd,Terry Johnson,6,IT,A
20200308,Richard Randall,https://dummyimage.com/650x686,001-638-639-6096,Lake Peter,hstrong@kim.com,2008-01-05,2nd,Kenneth Myers,6,ME,D
20230309,Sydney Hood,https://dummyimage.com/325x660,106-092-0981,Johnsonberg,jacob34@gmail.com,2003-08-09,3rd,Robert Gray,3,ECE,C
20220310,Anthony Miller,https://www.lorempixel.com/294/47,791-124-4211,Kirkborough,henryandrew@gmail.com,2007-09-17,3rd,Billy Mcdaniel,4,CE,A
20200311,Erik Odonnell,https://placekitten.com/329/368,2990155799,East Aimeeview,catherineherrera@hunt.com,2003-02-15,2nd,Charles Miller,6,ECE,A
20200312,Beth Hill,https://placekitten.com/408/188,001-847-768-6342x346,New Laurashire,lauramckay@yahoo.com,2006-10-22,3rd,Jeff Burgess,6,ME,D
20230313,Lisa Lawson,https://placekitten.com/879/409,(172)084-9649x856,North Hectormouth,michaeljones@hotmail.com,2005-10-03,4th,Richard Martinez,3,ME,C
20210314,Adam Murphy,https://dummyimage.com/953x658,+1-164-938-3184,New Patriciachester,lisa33@gmail.com,2007-11-02,1st,William Fisher,5,EEE,D
20200315,Christopher Murphy,https://www.lorempixel.com/784/484,090-742-6088x0501,Davischester,logan56@gmail.com,2004-10-04,3rd,Anthony Evans,6,IT,D
20220316,Mrs. Margaret Lozano,https://www.lorempixel.com/765/210,002.156.3213,Lisaside,greenkristen@williams.com,2003-12-02,1st,Lonnie Burnett,4,ECE,D
20200317,Christopher Taylor,https://dummyimage.com/943x245,296-718-8397x74573,West Katieland,donnamoss@gmail.com,2000-10-04,1st,Johnny Lewis,6,ECE,C
20210318,Julie Cruz,https://placekitten.com/998/214,988.547.2812,West Paul,kimberlylopez@yahoo.com,2006-08-19,2nd,Eric Kane,5,EEE,C
20220319,Bridget Walter,https://www.lorempixel.com/225/492,240.787.5418x156,East Randy,brian45@gmail.com,2000-04-08,1st,Nicholas Henderson,4,CSE,D
20230320,James Wheeler,https://www.lorempixel.com/1010/887,+1-031-310-0943x18143,Myersville,tyler23@walsh-mccarthy.com,1999-06-27,2nd,Jonathan Graves,3,ECE,D
20210321,Eric Knox,https://placekitten.com/488/348,+1-122-572-0765x02412,New Michaelfort,emarks@williams.org,2004-05-18,3rd,Joseph Jackson,5,CSE,D
20200322,Brandon Torres,https://placeimg.com/687/926/any,001-584-745-7054x5897,West Ginatown,qchase@howard.com,2006-10-05,4th,Patrick Lee,6,CSE,D
20200323,Margaret Sheppard,https://placekitten.com/920/358,+1-556-964-4309x85916,Knightstad,montesvictor@hotmail.com,2001-12-08,3rd,Chris Levy,6,CE,D
20230324,Mary Torres,https://placekitten.com/590/132,7034910740,Belltown,devin48@mullen.com,2001-11-10,4th,Mr. Kevin Miller II,3,EEE,A
20230325,Henry Cain,https://placeimg.com/791/865/any,449-429-6592,West Derek,kevin49@murray.biz,2001-01-24,1st,Jeremy Edwards,3,EEE,B
20230326,Michelle Mcdonald,https://placeimg.com/875/955/any,(708)061-2943x98529,Brianfurt,dsantiago@stevens.com,2005-02-08,3rd,Rodney Cunningham,3,CSE,D
20200327,Sharon Martinez,https://dummyimage.com/108x419,+1-723-244-0793,North Aaronville,jameswells@wallace.biz,2007-08-30,2nd,Robert Skinner MD,6,ME,D
20200328,Melanie Villarreal,https://dummyimage.com/252x885,+1-022-328-8377x4419,Richardsonview,gwolfe@yahoo.com,2006-07-11,4th,Charles Campbell,6,EEE,C
20210329,James Carpenter,https://www.lorempixel.com/69/910,(277)402-5883x586,East Dianastad,yespinoza@gmail.com,2004-03-02,3rd,Matthew Mclean,5,ECE,A
20200330,Ryan Webb,https://placekitten.com/966/369,(599)599-6100,East Colin,evilla@wolf-zavala.com,2001-03-24,2nd,Christopher Stafford,6,EEE,C
20210331,Jennifer Brown,https://www.lorempixel.com/512/234,001-175-902-5176x2983,West Travis,jamesmartin@hotmail.com,2002-09-14,2nd,Alexander Moyer,5,CSE,B
20220332,Andrew Taylor,https://placeimg.com/10/736/any,001-815-287-3397,Michaelside,gonzalescolleen@carroll.net,2004-07-04,2nd,Jonathan Williams,4,ECE,B
20200333,Alison Nicholson,https://placeimg.com/593/514/any,001-512-418-9389x846,New Heidiville,denise05@yahoo.com,2003-11-15,2nd,Stephen Brown,6,IT,D
20230334,Robert Rivera,https://placeimg.com/127/482/any,990-516-9918,Pottsview,johnsonwilliam@bell.com,1999-10-19,4th,Alexander Casey,3,IT,C
20220335,Lee Gray,https://www.lorempixel.com/37/987,(626)682-1719x5535,Hullbury,chapmanjeremy@goodwin.com,1999-09-08,2nd,David Brown,4,ME,A
20230336,Jeffrey Campbell,https://dummyimage.com/643x716,296-711-1483x7537,Shellyside,alisonadams@hotmail.com,2007-12-31,4th,Gregory Jenkins,3,IT,C
20220337,Katelyn Miller,https://placekitten.com/280/472,001-831-520-3771x0704,Briannaport,ramirezchelsea@smith-reyes.info,2000-03-09,1st,James Keller,4,EEE,A
20220338,Mary Johnson,https://placekitten.com/712/53,930-596-6018x648,Colemanshire,susanmcdonald@gmail.com,2001-09-04,4th,Douglas Fleming,4,ME,A
20200339,Zachary Wise,https://placeimg.com/605/691/any,9454490149,Maryburgh,asmith@yahoo.com,2000-01-23,3rd,Mr. Ryan Robinson,6,EEE,A
20200340,Todd Hill,https://placeimg.com/643/131/any,(444)723-2290,North Diamond,criley@love.com,2003-10-24,4th,Ryan Atkinson,6,ME,A
20230341,Amanda Young,https://placeimg.com/223/158/any,813-359-5616,Douglasmouth,theresa57@yahoo.com,1999-12-18,2nd,Andrew Conrad,3,EEE,D
20210342,Allison Lynch,https://dummyimage.com/641x704,(902)611-3989x8681,New Thomashaven,joseph94@gmail.com,2005-01-09,1st,Randall Cox,5,ME,A
20220343,Paul Wilson,https://placeimg.com/493/911/any,(158)815-7937x639,New John,catherineflynn@yahoo.com,2004-10-09,1st,Jason Wagner,4,CE,B
20200344,Johnny Keith,https://placeimg.com/405/368/any,2164871206,Lake Garyland,wstrong@morales.com,2004-06-04,2nd,Steven Villanueva,6,IT,D
20230345,Lisa Mcknight,https://placekitten.com/92/151,676.472.2981x209,Emilymouth,samuel89@yahoo.com,2001-01-30,2nd,Johnny Williams,3,EEE,C
20220346,Kelly Romero,https://placekitten.com/873/584,(522)036-8499x5154,North Keith,kwalker@yahoo.com,2003-11-06,4th,Paul Middleton DDS,4,ME,C
20200347,Daniel Roberson,https://www.lorempixel.com/345/56,+1-830-705-3496,Meyermouth,moransamantha@gmail.com,2006-12-29,3rd,Johnny Miller,6,CSE,C
20200348,Donald Barnett,https://dummyimage.com/724x161,001-152-854-7815x0618,Jamesside,sanchezbrenda@nunez.info,2002-01-03,4th,Cody Crawford,6,EEE,C
20210349,Mark Davis,https://placeimg.com/438/6/any,789-320-6496,Lake Michael,mary47@robles-myers.com,2007-08-13,3rd,Daniel Mccarty,5,CSE,B
20220350,Pamela Barnes,https://dummyimage.com/915x666,+1-612-751-5627x79630,Josephborough,hartmarcus@hotmail.com,2004-11-01,3rd,Robert Coleman,4,IT,D
20210351,Anthony Washington,https://www.lorempixel.com/448/695,763-928-3199x5298,Lake Andrewfurt,rhonda81@williams.com,2006-02-28,1st,Dave Solis,5,EEE,D
20220352,Erin Lewis,https://www.lorempixel.com/509/27,8186702440,Lake Kelsey,nelsondavid@rios-anderson.com,2000-11-16,2nd,Jonathan Warner,4,IT,A
20230353,Alicia Newton,https://placeimg.com/310/195/any,945.680.4473,West Tanyashire,fcarter@gmail.com,2006-05-06,3rd,John Velez,3,CSE,C
20220354,Dana Smith,https://placekitten.com/1017/806,001-817-390-6375x79145,Port Crystal,hoffmanjared@watkins-miller.biz,2007-06-28,2nd,Ryan Hodges,4,ECE,C
20230355,Johnny Jenkins,https://www.lorempixel.com/691/308,996-043-8787x53577,North Ronaldland,katherinemartin@hotmail.com,2001-07-01,2nd,Jeffrey Stanton,3,ECE,B
20210356,Jeff Jackson,https://placeimg.com/997/286/any,(041)644-8595x9224,Port Christina,thomas35@hotmail.com,2001-09-25,1st,Mike Wells,5,EEE,A
20200357,Christopher Ruiz,https://dummyimage.com/11x638,187.510.9792,West Danabury,reillyjoshua@yahoo.com,2004-08-19,3rd,Randall Villa,6,CE,B
20230358,Margaret Harris,https://dummyimage.com/312x210,249-128-9659x994,Clarktown,christopherpratt@thomas.com,2004-12-07,2nd,Wayne Taylor,3,ECE,B
20210359,Jessica Ruiz,https://www.lorempixel.com/619/1024,866.675.4858,New Meganburgh,marycastro@yahoo.com,2003-09-11,4th,Justin Graham,5,CSE,D
20220360,Alexander Diaz,https://placeimg.com/954/708/any,983.652.0375,North Brenda,bartlettruth@hotmail.com,1999-08-27,2nd,Andrew Hill,4,ME,C
20230361,Andrew Dominguez,https://www.lorempixel.com/518/561,001-079-772-7810,Anthonyberg,christopherflowers@brown.com,2004-10-11,2nd,Joshua Lucero,3,CE,B
20220362,Lucas Smith,https://placekitten.com/648/346,066.013.8241x27049,Lake William,collinsann@peterson.com,2007-04-24,4th,Thomas White,4,ECE,C
20230363,Evan Sims,https://www.lorempixel.com/41/346,571.343.2406,Gregoryberg,mperez@yahoo.com,2002-10-27,4th,Edward Wolfe,3,EEE,D
20230364,John Lane,https://dummyimage.com/714x920,9628936543,Hollyhaven,palmerjason@gmail.com,2007-05-23,2nd,Thomas Holmes,3,ECE,B
20220365,Karen Mcdonald,https://placeimg.com/661/762/any,+1-905-150-2675x51254,South Amy,dlamb@johnston.com,2003-09-24,1st,Kyle Olson,4,IT,D
20220366,Andrew Hickman,https://placeimg.com/479/220/any,(496)902-8249x83922,Kristinaton,laura25@foster-murray.com,2002-11-04,1st,Eric Miller,4,IT,A
20220367,Dalton Davis,https://placekitten.com/501/315,7251786376,Mccarthyville,lucasmcconnell@yahoo.com,2004-12-30,1st,Robert Cross,4,ECE,C
20230368,James Jones,https://dummyimage.com/1000x55,+1-235-558-0996x132,Lopezborough,ydavis@hotmail.com,2002-06-29,2nd,Dustin Hughes,3,ME,A
20210369,Amanda Mullen,https://dummyimage.com/863x367,(817)151-6025x2986,Smithfurt,turnerjonathan@hotmail.com,2001-05-28,4th,Robert Cole,5,EEE,A
20230370,John Rogers,https://dummyimage.com/747x228,(861)205-9438x97607,Billfort,brendan95@yahoo.com,2006-09-04,1st,Edward Fuentes,3,ME,C
20210371,Cassandra Kelly,https://placekitten.com/35/914,091-508-6321x8122,Jordanview,pbarker@hotmail.com,2008-05-04,4th,Andrew Nguyen,5,CSE,C
20210372,Lee Cummings,https://www.lorempixel.com/207/782,466-024-1613x94498,Lake Lauren,blewis@yahoo.com,2002-08-04,1st,Michael Jacobs,5,EEE,A
20220373,Megan Nelson,https://www.lorempixel.com/833/424,(244)795-1330x53194,Matthewsmouth,aspears@yahoo.com,2005-03-24,2nd,Rodney Hernandez,4,ECE,A
20220374,Kathryn Patel,https://placekitten.com/348/798,(091)785-1385x4457,Johnsonshire,annette60@hawkins-henry.com,2005-10-25,4th,Carlos Lawson,4,IT,B
20230375,Anne Robinson,https://dummyimage.com/226x592,(686)536-9455,Lake Nicolemouth,michelesimpson@yahoo.com,2004-04-20,4th,Jerry Bradshaw,3,CE,A
20200376,Dylan Patel,https://dummyimage.com/684x950,+1-169-666-3093x29981,Doughertymouth,ashleykennedy@crane.org,2006-01-21,1st,Scott Jefferson,6,EEE,B
20210377,Jacob Baxter,https://dummyimage.com/358x967,241-039-7739x73278,Port Cassandramouth,stevenrivers@goodman.biz,2008-04-10,4th,Dr. Benjamin Butler III,5,CSE,C
20210378,Barbara Frank,https://placeimg.com/48/898/any,001-046-056-8761x1249,Lake Garychester,robinpope@gmail.com,2003-12-07,3rd,Martin Jones,5,CSE,A
20210379,Katherine Sanchez,https://placekitten.com/532/701,001-757-494-9022x840,West Anna,shirley29@hotmail.com,2004-08-13,4th,Jeremiah Phillips,5,IT,D
20200380,Melissa Thomas,https://placekitten.com/598/786,+1-303-942-9045x8867,West Dawn,nicholas72@hotmail.com,2007-08-20,1st,Steven Smith,6,ME,A
20210381,Gloria Parker,https://placekitten.com/459/307,+1-135-779-0833x506,West Williamview,griffinalexandra@scott.com,2003-08-08,2nd,Mitchell Thompson,5,EEE,D
20200382,Deborah Ramirez,https://dummyimage.com/389x130,403.339.9771x80513,Wilsonland,corylawrence@hotmail.com,2007-09-21,3rd,Adam Jordan,6,ECE,D
20210383,Michelle Ramos,https://www.lorempixel.com/398/934,694-725-8784x448,West Joshua,wrodriguez@gmail.com,2007-09-23,1st,Steven Hicks,5,CE,C
20200384,Christopher Hodges DDS,https://placekitten.com/193/907,+1-823-133-4845x8714,New Emily,jamesfoster@gmail.com,2002-02-13,1st,Christopher Frye,6,ME,D
20200385,Miss Rachel Chan,https://placekitten.com/551/468,452.455.5746x9660,Brownchester,theresawang@gmail.com,2002-11-15,4th,Mitchell Phillips,6,EEE,C
20200386,Frank Gibbs,https://dummyimage.com/667x408,+1-874-113-2579x706,Wrightshire,garciadanielle@yahoo.com,2005-09-19,3rd,Duane Ruiz,6,CSE,C
20210387,Angela Rowland,https://dummyimage.com/847x310,001-493-817-3598,Angelaport,kelseyjones@dawson.info,2003-02-01,1st,John Murray,5,CE,C
20210388,Michael Padilla,https://dummyimage.com/522x47,666-708-0850,Forbeshaven,vcampbell@hotmail.com,2000-07-29,1st,Keith Mccann,5,EEE,C
20210389,Kim Lindsey,https://dummyimage.com/179x959,001-164-772-5129x57860,Andrewstown,smithmarcus@gmail.com,2003-11-02,4th,Kevin Saunders,5,IT,D
20210390,Martha Gonzalez,https://dummyimage.com/726x312,001-234-210-8902x85155,Lake Jason,rogernelson@gmail.com,2005-06-24,2nd,Shawn Blackburn,5,CSE,D
20200391,Travis Johnson,https://www.lorempixel.com/427/779,763.369.1128x981,Port Jason,kara56@gmail.com,2003-01-04,3rd,Robert Ward III,6,ECE,A
20210392,Jesus Smith,https://www.lorempixel.com/860/819,(541)643-1670x450,Port John,apriltaylor@farmer-brown.com,2004-06-02,1st,Jason Moore,5,EEE,C
20230393,Timothy Sanford,https://www.lorempixel.com/371/747,(073)465-4950,West Anthonyfort,robinwilliams@farmer-sharp.com,2002-02-14,4th,Gregory Walker,3,EEE,A
20210394,Austin Novak,https://placeimg.com/951/850/any,(904)774-2585,South Trevorshire,jeffreyanderson@perez.com,2006-04-21,3rd,Lucas Wright,5,EEE,A
20220395,Nicholas Turner,https://dummyimage.com/946x546,652-906-0320x20326,Alexanderfort,jacob96@yahoo.com,2003-02-01,3rd,Dennis Gonzales,4,CSE,C
20230396,Mary Robertson,https://dummyimage.com/690x690,578-715-8415x608,North Jeremy,martinezjennifer@gmail.com,2005-05-07,4th,Jeffrey Joyce,3,IT,D
20230397,Sean Wagner,https://dummyimage.com/814x399,+1-303-589-2988x08583,West Erik,meganpotter@fernandez.biz,2002-11-15,3rd,Tyler Rush,3,ECE,D
20230398,Steven Stanton,https://placekitten.com/975/958,(401)484-3991,Port Robertberg,kathyroman@gmail.com,2006-02-02,3rd,Matthew Myers,3,CE,C
20200399,Ruben Jones,https://placeimg.com/565/287/any,923-724-5018,Alexandriafort,hevans@paul.com,2004-01-23,4th,Andrew Massey,6,CSE,D
20210400,Mark Simmons,https://placekitten.com/344/997,811.995.3766,Lake Danielview,danielle56@hotmail.com,2003-09-16,3rd,Bradley Garcia PhD,5,EEE,A
20200401,Jon Garza,https://placeimg.com/544/212/any,+1-996-986-0919,New Codybury,tochoa@hotmail.com,2000-02-10,3rd,Richard Phelps,6,IT,C
20220402,Kelly Bentley,https://dummyimage.com/884x52,001-205-146-0745,Michaelbury,ubowers@yahoo.com,2003-11-29,4th,Christopher Hansen,4,CE,D
20210403,Mariah Yang,https://placeimg.com/713/352/any,559-835-4116,Christyburgh,josephzimmerman@yahoo.com,2005-03-02,4th,Steven Fischer,5,EEE,D
20200404,Erica Rodriguez,https://dummyimage.com/635x606,(913)119-6425x8562,Garciaport,yvonne70@kelley.com,1999-11-18,3rd,Roy Lucero,6,CE,D
20220405,Darius Wong,https://www.lorempixel.com/442/297,309-776-8893x6289,Burtonfurt,linda46@yahoo.com,2005-08-20,1st,Timothy Flores,4,CSE,D
20220406,Tyler Taylor,https://www.lorempixel.com/505/263,785.193.5837x49079,Crawfordchester,andrewwest@brown.com,2000-07-08,2nd,Austin Higgins,4,CSE,B
20230407,Theresa Luna,https://dummyimage.com/1005x882,(374)845-3986x2895,New Brianstad,austinalyssa@martin.com,2002-07-08,1st,Timothy Chandler,3,ECE,A
20210408,Brandon Powell,https://placeimg.com/793/834/any,001-725-214-5264x712,Richardbury,morgankaren@hotmail.com,2003-10-26,3rd,Larry Hendrix,5,EEE,D
20200409,Jake Jackson,https://placekitten.com/25/9,(409)951-2397x2835,Port Feliciaberg,patriciamccarthy@gmail.com,2008-01-24,2nd,Robert Johnson,6,IT,D
20220410,Joshua Rubio,https://placekitten.com/246/638,529-821-7392,Sharonside,qraymond@hotmail.com,2000-07-18,3rd,Jacob Allen,4,ME,A
20210411,Chelsea Powell,https://placeimg.com/733/120/any,+1-918-158-9988x68345,South Kathryn,ypowell@gmail.com,2007-10-11,3rd,Brian Hoffman,5,ME,C
20220412,Elizabeth Gay,https://www.lorempixel.com/588/112,149.982.5080,West Paulstad,hrodgers@hicks.com,2003-01-30,2nd,Travis Stafford,4,CSE,A
20210413,Angel Harris,https://www.lorempixel.com/423/31,(314)035-2635x6022,New Elizabeth,jamie46@hotmail.com,1999-08-10,4th,Jason Ramirez,5,CE,D
20200414,Ruth Freeman,https://www.lorempixel.com/21/809,001-723-111-2712x852,Stephaniefurt,justin94@gmail.com,2001-06-18,3rd,Stephen Harris,6,EEE,D
20210415,Ryan Gonzalez,https://placeimg.com/73/960/any,130-621-1369,Samuelberg,bateswilliam@gmail.com,2003-01-05,3rd,Andrew Smith,5,IT,D
20210416,Scott King,https://placeimg.com/359/717/any,066.248.1323,Dianemouth,pjones@rice.com,2000-05-25,1st,Austin Holmes,5,ECE,A
20230417,Nathan Ramsey,https://www.lorempixel.com/658/758,(130)609-0691,Port Courtney,banksrenee@newman.info,2003-06-23,2nd,Lonnie Reed,3,IT,D
20200418,Jordan Calhoun MD,https://dummyimage.com/737x458,264-250-6420x7683,Martinezstad,afisher@quinn-wallace.biz,2007-04-27,3rd,Gabriel Ross,6,IT,C
20200419,Christine Robinson,https://placekitten.com/391/398,865.436.2718x749,Williamsborough,donnagiles@yahoo.com,2002-07-02,3rd,Alexander Clark,6,EEE,B
20210420,Carrie Terrell,https://dummyimage.com/319x823,(657)327-5998,Lake Coltonland,smithmichelle@rivera.com,2005-07-02,3rd,Chris Lewis,5,CE,B
20200421,Heidi Blankenship,https://placekitten.com/914/972,001-244-182-2261x896,New Andrea,hannah31@hotmail.com,2001-12-05,2nd,Brent Williams,6,ECE,B
20230422,Kaitlyn Woods,https://placeimg.com/40/742/any,001-927-079-5515,East Dennisport,danieldonovan@hotmail.com,2002-10-14,1st,Mr. Michael Rush,3,EEE,C
20230423,Larry Lloyd,https://dummyimage.com/32x855,(438)480-7520x344,Ferrellmouth,karen71@arnold-anderson.org,1999-08-13,2nd,Alec James,3,CE,A
20200424,Jamie Johnson,https://placekitten.com/553/768,(866)525-4837x441,Sellersland,johnsondavid@gmail.com,2003-07-26,3rd,James Moore,6,ME,D
20230425,Peggy Shields,https://placekitten.com/19/27,+1-129-751-9102x312,Lake Stephanietown,jasonlove@yahoo.com,2004-11-18,4th,Corey Roth,3,CE,A
20210426,Kathleen Mccarthy,https://www.lorempixel.com/960/589,280.123.4289x311,East Melinda,ralphhuff@guzman-hunter.com,2003-02-23,3rd,Roger Moss,5,IT,A
20230427,Mary Donaldson,https://dummyimage.com/515x576,017-509-6170,West Briannastad,jessica57@harmon-castillo.info,2004-07-16,4th,Erik Duarte,3,IT,C
20210428,Kevin Williams,https://placeimg.com/722/839/any,567.772.2660x256,South Michael,edwardshah@gmail.com,2001-01-17,2nd,John Nelson,5,ECE,D
20200429,Jonathan Moore,https://dummyimage.com/568x466,976.627.0511x5794,East April,robertsmith@yahoo.com,2002-02-17,1st,Eric Montgomery,6,CE,B
20220430,Linda Moreno,https://dummyimage.com/698x764,(971)075-6335x357,Angelashire,rachelsheppard@hotmail.com,2003-04-30,2nd,Leon Li,4,ECE,C
20210431,Justin Zamora,https://placeimg.com/641/195/any,001-295-187-7941x76342,Melanieton,jeffreysmith@yahoo.com,2007-08-23,3rd,Richard Frye,5,CE,C
20200432,Mr. Stephen Gonzalez,https://placekitten.com/385/246,001-038-843-6604x4324,North Denisechester,steven27@reyes.com,2001-04-07,3rd,Jesus Gonzalez,6,ECE,C
20210433,Dominique Willis,https://www.lorempixel.com/661/34,5875256806,Randallmouth,mario90@brown.com,2000-08-02,3rd,Brian Martin,5,CE,A
20210434,Anna Ward,https://www.lorempixel.com/731/692,(517)680-8662x81372,Port Rhondaview,brianvega@williams.com,2007-07-30,2nd,Daniel Hall,5,ECE,C
20200435,Seth Mason,https://placeimg.com/661/793/any,8470681039,East Jeromefort,jacqueline95@roach.net,1999-07-23,1st,Patrick Campbell,6,CSE,A
20220436,Kayla Moore,https://placekitten.com/412/524,546.147.0798,Harrisville,vballard@gonzalez.com,2003-01-29,2nd,Robert Ward,4,CE,D
20200437,Mark Knight,https://www.lorempixel.com/516/444,032-537-6576x9277,Laurabury,wilkersonmelissa@williams.com,2004-08-05,4th,Nicholas Ali,6,IT,C
20220438,Jacob Brewer,https://www.lorempixel.com/866/763,604-014-2473x107,North Daniel,lkane@grant.info,2000-07-05,4th,Christian Brown,4,ECE,D
20220439,Amanda Jimenez,https://dummyimage.com/953x844,9014473404,East Hannah,russomary@hansen-warner.com,2000-03-27,4th,Brandon Richardson,4,CSE,A
20210440,Kimberly Brooks,https://placekitten.com/760/298,001-562-965-7542x7865,Millerview,sandy77@hensley.net,2001-11-25,4th,Joshua Collier,5,ME,D
20230441,Robert Taylor,https://www.lorempixel.com/421/811,(188)081-9048x23571,Jessicastad,wrobinson@hotmail.com,2006-05-17,2nd,William Perez,3,EEE,B
20220442,Brittney Benson,https://www.lorempixel.com/385/1,214.364.3813x0004,East Jacobland,shaun16@stanley-smith.org,2004-07-16,3rd,James Torres,4,IT,C
20230443,Tamara Reid,https://www.lorempixel.com/85/1006,550.476.8169x9570,Johnsonfort,fking@sanchez.com,2007-03-03,2nd,George Munoz,3,EEE,A
20220444,Frank Tran,https://placeimg.com/924/443/any,029-087-1827,Heidifurt,brenda87@barrera.com,2000-02-10,2nd,Gary Rodriguez,4,ME,A
20220445,Ryan Gonzalez,https://www.lorempixel.com/995/510,(260)423-5973x7112,East Joy,ycrawford@jordan.com,2001-03-29,4th,Andrew Graham,4,ECE,B
20200446,Andrea Miller,https://placeimg.com/732/972/any,321.021.9237x85847,Port Dianashire,castrojesse@gmail.com,2004-07-17,1st,Michael Smith,6,EEE,D
20230447,Richard Rodriguez,https://placekitten.com/544/18,(537)337-7731,South Angela,elizabethhodge@callahan.info,2008-03-02,2nd,Benjamin Martin DDS,3,ECE,C
20220448,Mario Pace,https://www.lorempixel.com/537/832,001-605-603-5679x32798,Lucasburgh,tyler16@johnson.com,2000-02-11,2nd,James Marshall,4,ECE,D
20230449,Sylvia Turner,https://placeimg.com/669/631/any,769.899.9275x17588,West Crystalview,lawrencebullock@gmail.com,2002-09-08,4th,Eric Petersen,3,EEE,D
20200450,Jennifer Baker,https://dummyimage.com/868x385,001-435-885-3798x21433,Isaacfort,peterlove@hotmail.com,2007-03-30,1st,Charles Obrien,6,ME,D
20210451,Vincent Li,https://www.lorempixel.com/805/6,477.894.8963,Brentchester,alvarezpaul@gmail.com,2001-10-23,2nd,Isaiah Solis,5,CE,C
20200452,Ryan Ramirez,https://www.lorempixel.com/549/260,001-630-900-1594x4633,New Cassandra,mary20@hotmail.com,2004-10-27,1st,Christopher Burch,6,EEE,D
20230453,Joshua Smith,https://placekitten.com/328/186,113.633.7922x3410,Lake Kyle,glewis@gmail.com,2006-05-20,3rd,Jeremy Stevenson,3,CE,A
20200454,Lucas James,https://placeimg.com/556/420/any,(855)078-9679x35219,Jacksonfurt,leonsullivan@espinoza.biz,2007-06-04,4th,Mr. Justin Brewer,6,ECE,C
20220455,Micheal Johnson,https://placeimg.com/706/736/any,7676164534,Rhondaview,garynash@hotmail.com,2008-03-25,4th,Robert Singleton,4,EEE,A
20230456,Holly Hodges,https://www.lorempixel.com/184/325,+1-804-184-7242x642,South Larry,monicaoliver@pena.com,2004-05-03,1st,Tom Jacobson,3,CE,B
20220457,Robert Gonzalez,https://www.lorempixel.com/157/137,281-785-2282x305,Port Joseph,longgary@moore-anderson.org,2005-09-05,3rd,Douglas Sanchez,4,CSE,D
20230458,Brian Wright,https://placeimg.com/86/137/any,(047)876-8868,Haydenhaven,hwalton@yahoo.com,2002-04-10,3rd,Jonathan Ballard,3,CE,A
20210459,Kyle Richardson,https://placeimg.com/611/236/any,(645)057-3036x2792,Randyberg,rebeccaking@owens-marshall.com,2007-04-25,1st,Tyler Sanchez,5,ME,C
20220460,Mark Garcia,https://placekitten.com/766/108,661.945.8870x715,Jameshaven,gaydustin@hoffman.net,2005-09-30,3rd,Jamie Lindsey,4,ECE,B
20230461,Marc Mitchell,https://placeimg.com/104/252/any,001-768-089-8126x57422,North Christina,crobinson@yahoo.com,1999-08-22,1st,Cory Hudson,3,CSE,A
20210462,Roger Hernandez,https://www.lorempixel.com/522/431,204-713-7271,Lake Stevemouth,qsosa@hotmail.com,2005-01-21,3rd,Gabriel Moore,5,ME,D
20210463,Michelle Meyer,https://dummyimage.com/571x502,6745847609,Laurieview,angelarichard@gilmore.info,2002-01-15,2nd,Michael Wagner,5,EEE,C
20210464,James Knight,https://dummyimage.com/612x166,(971)506-6626,Goodmouth,parkertommy@yahoo.com,2006-03-05,4th,Jared Atkinson,5,CE,C
20220465,Leroy Martin,https://placeimg.com/326/669/any,111-028-6712,North Thomaston,tonya55@armstrong.com,2001-02-18,4th,Kevin Mcneil,4,IT,C
20230466,Samantha Lee,https://placeimg.com/348/800/any,494-981-9421,Obrienview,crawfordjeffrey@johnson-phelps.com,2007-06-23,1st,Ian Hicks,3,EEE,C
20200467,Michael Morales,https://placekitten.com/481/633,372.201.0912,South Davidland,gwendolyn93@hotmail.com,2007-08-17,4th,Bryan Newman,6,CE,C
20200468,Kristen Matthews,https://www.lorempixel.com/429/969,(263)510-0462x776,Shannonmouth,susan92@gmail.com,2002-03-24,4th,Jason Tucker,6,EEE,B
20200469,Brittany Henson MD,https://dummyimage.com/1014x569,001-260-055-9550x1783,East Marvin,lpreston@hotmail.com,2002-10-12,4th,Travis Mcbride,6,ECE,D
20210470,Nathan Payne,https://placekitten.com/934/91,069-176-7993x59374,Patriciaton,ralph08@williams.com,2006-03-09,2nd,Anthony Jones,5,CSE,A
20210471,Kimberly Lam,https://placekitten.com/853/33,001-907-938-8413x68528,North Gina,deborah70@anderson.com,2002-04-23,1st,Michael Perry,5,ME,C
20230472,Christina Martin,https://placekitten.com/199/591,+1-811-210-3142,Port Shannonville,olsonchristina@gmail.com,2005-06-29,2nd,Harry Hughes,3,ME,B
20230473,Tony Swanson,https://dummyimage.com/176x129,(528)837-5056,Garciahaven,garyoliver@yahoo.com,2000-07-27,4th,Patrick Davenport DVM,3,IT,A
20210474,Kristin Ellis,https://dummyimage.com/659x755,0730950556,West Michelleland,wheeleranna@watkins.info,2005-03-25,2nd,Robert Hartman,5,CE,C
20230475,Danielle Herrera,https://www.lorempixel.com/871/600,042-462-4561,Charlesport,sjohnson@yahoo.com,2002-07-30,4th,Sean Velazquez,3,EEE,B
20230476,Sarah Cox,https://placekitten.com/194/541,129-391-3044x88189,Rebeccaport,cgoodwin@ellison-fisher.com,2004-01-04,3rd,Chad Davis,3,CE,C
20220477,April Vance,https://placekitten.com/87/960,(814)298-3152x2910,Robinsonberg,veronicasmith@golden.com,2007-10-25,4th,Anthony Clark,4,ECE,B
20220478,Cheryl Rose,https://placeimg.com/705/278/any,001-694-439-1649,Smithville,julievazquez@hotmail.com,2002-07-27,3rd,Kevin Coffey,4,ECE,C
20220479,Michael Hall,https://www.lorempixel.com/511/95,+1-623-419-0310x61537,East Jennifer,mark66@stone.com,2002-12-13,2nd,Cole Wade,4,IT,D
20220480,Dana Burns,https://www.lorempixel.com/560/895,067-200-7843x614,West Joshua,kennedykathryn@gmail.com,2007-03-01,4th,Mathew Cole,4,EEE,C
20220481,Desiree Woods,https://dummyimage.com/799x552,372.037.6388x2145,Hannahview,ksmith@gmail.com,2003-07-15,1st,David Sanchez,4,CE,D
20230482,Tara Foley,https://www.lorempixel.com/374/1017,(058)695-0732,Lake Kirkchester,brenda69@hotmail.com,2005-07-03,3rd,John Gonzalez,3,ECE,C
20200483,Angel Rogers,https://placekitten.com/965/493,368.011.9236x0376,North Erinside,jeffreylewis@yahoo.com,2001-01-29,3rd,Adam Matthews,6,IT,A
20220484,Douglas Chapman,https://www.lorempixel.com/921/428,391-149-8307x48207,Port Robert,davisbrandi@hotmail.com,2004-02-27,4th,Michael Michael,4,IT,C
20230485,Kristie Martin,https://placekitten.com/199/43,223.023.3324,Brownmouth,anthonyswanson@harris.com,2006-10-12,2nd,Arthur Santana,3,ECE,C
20220486,Adam Brooks,https://www.lorempixel.com/358/860,231-261-6324,Oliviaburgh,ncoleman@ramirez-green.com,1999-10-10,2nd,Edward Barton,4,CSE,B
20210487,Brandon Perkins,https://dummyimage.com/259x110,001-818-769-2082x8323,New Micheleside,ambermiller@medina.com,2002-06-19,1st,John Massey,5,IT,B
20210488,Richard Hale,https://placeimg.com/183/302/any,681-572-4500,Port Anthonytown,morriskatherine@willis.com,2006-11-25,1st,Joshua Watson,5,CSE,D
20220489,Nicole Jacobs,https://placekitten.com/306/723,(184)442-1829x9874,Boydland,madisonroberts@kramer.net,2006-10-30,4th,Andrew Williams,4,CSE,B
20200490,Stacey Gray,https://placekitten.com/699/181,001-848-266-9136x2483,Miketon,lorraine96@hotmail.com,2000-02-23,2nd,Andrew Harrison,6,ME,D
20230491,David Guzman,https://www.lorempixel.com/942/727,001-982-210-4016x48188,West Connieview,pjimenez@lee.com,2006-03-26,2nd,Christopher Jones,3,EEE,C
20220492,Lisa Phillips,https://placeimg.com/349/629/any,203-625-8631x4417,Port Peterfurt,sophia54@lopez.com,2005-03-20,1st,Cody Lee,4,CSE,B
20200493,Monica Barnett,https://placekitten.com/962/772,(448)988-0315x38882,Martinberg,nunezmatthew@yahoo.com,2000-05-30,2nd,Eddie Harris II,6,ME,B
20200494,Samantha Lee,https://www.lorempixel.com/527/645,(321)119-7871x8093,New Christopher,zrobinson@morris.com,2000-09-27,4th,Thomas Carr,6,ME,B
20220495,Olivia Murphy,https://placeimg.com/797/195/any,688.002.3009x15618,Port Carla,haleycook@warner.org,2001-06-20,1st,Terry Rangel,4,CSE,C
20200496,Melanie Myers,https://www.lorempixel.com/708/274,491-189-4184,East Randy,mary92@yahoo.com,2002-09-29,3rd,Nathan David,6,EEE,D
20230497,Katie Jones,https://placekitten.com/924/563,611-404-2886x05053,Wallschester,stonecody@hotmail.com,2001-08-16,2nd,Ryan Mcmillan,3,CE,D
20220498,Shelly Brown,https://placeimg.com/416/739/any,(910)627-1531x2345,Brettchester,farmstrong@boone.com,2003-01-08,2nd,Ronald Roberts DVM,4,CSE,C
20210499,Eric Spencer,https://placekitten.com/916/397,378-826-0335x9101,Shannontown,victoria91@mitchell-white.com,2007-02-21,4th,Kevin Martin DDS,5,IT,C
20210500,Loretta Garrett,https://placeimg.com/769/607/any,842-859-6932,Annetteport,ashley32@rodriguez.com,2001-11-01,1st,Jeffrey Elliott,5,IT,C
