admission_id,name,photo_url,phone_number,place,email,date_of_birth,class_name,father_name,year_of_study,branch,section,gender
20200001,Allison Hill,imgs/male.png,218.196.0013,New Carolyn,lrobinson@pacheco-smith.com,2006-08-16,3rd,Christopher Bernard,6,ECE,B,Male
20210002,Brandon Davis,imgs/male.png,(940)781-6184x959,Lake Chad,tracie31@ramirez-reid.com,2002-03-14,1st,Daniel Adams,5,CE,D,Male
20200003,Maria Lynch,imgs/male.png,(832)764-8350,Port Antonio,nadams@hotmail.com,2004-10-14,1st,Jonathan Wilkerson,6,ECE,B,Male
20200004,Brenda Taylor,imgs/male.png,001-884-969-6532x8710,East Courtneychester,djames@king.com,2003-12-21,4th,Gerald Carter,6,ECE,D,Male
20220005,Aaron Bowen,imgs/male.png,001-482-814-8932x5288,New Mariotown,natasha43@allen.com,2000-11-21,2nd,Robert Spence,4,IT,D,Male
20220006,Beth Keller,imgs/female.png,-9556,Samuelhaven,wrightcaleb@gmail.com,2003-05-07,2nd,Adam Zimmerman,4,ECE,C,Female
20200007,Austin Johnson,imgs/male.png,183-473-8299x73763,North Donnastad,uowens@gmail.com,2001-02-08,4th,Nicholas Mcbride,6,CSE,C,Male
20220008,Corey Herrera,imgs/female.png,(624)731-7810,North Sarabury,ntucker@barrera-martin.com,2006-01-27,1st,Richard Gibson,4,IT,D,Female
20200009,Tyler Cowan,imgs/female.png,-10957,North Breannahaven,yuchristopher@jones.com,2006-04-20,1st,Steve Sanchez,6,CE,C,Female
20220010,Lisa Barnes,imgs/male.png,001-985-435-3462,Stephenland,khowell@jones.net,2003-12-11,1st,Gregory Jones,4,CSE,B,Male
20220011,Dustin Kim,imgs/male.png,-1822,Lake Angelaview,jenniferharris@hotmail.com,2003-12-04,2nd,David Odonnell,4,CSE,D,Male
20220012,Mark Calderon,imgs/female.png,524278680,North Sierraberg,brandi26@williams.com,2005-07-09,3rd,David Garcia,4,ECE,C,Female
20220013,Stacey Russell,imgs/male.png,+1-232-260-2563x421,Brennanfort,lisastevens@hoover-savage.com,1999-11-02,3rd,James Ramirez,4,IT,A,Male
20210014,Raymond Bell,imgs/male.png,685.014.2940x19655,Obrienhaven,mlam@williams-graham.net,2002-10-14,2nd,Benjamin Beck,5,ME,D,Male
20220015,Erik Charles,imgs/male.png,001-484-656-4823x6629,Richardtown,jason99@hotmail.com,2004-11-30,3rd,Jeremy Lewis,4,CSE,B,Male
20200016,Steven Flynn,imgs/female.png,(148)951-3433,North Brandon,gibsonolivia@hotmail.com,2002-09-28,4th,James Ross,6,EEE,A,Female
20210017,Michael Stafford,imgs/female.png,001-163-287-0831x72788,Stephaniemouth,vmerritt@yahoo.com,2007-02-02,2nd,David Walsh,5,IT,D,Female
20230018,Kelly Sims,imgs/female.png,714-345-5812x236,Lake Jason,drivera@yahoo.com,2000-06-28,2nd,Jason Stein,3,EEE,B,Female
20210019,Melissa Gates,imgs/female.png,001-967-054-6688x93734,Tuckerfurt,dramsey@gmail.com,1999-11-22,4th,Kevin Alvarado,5,CE,D,Female
20220020,Jeffrey Camacho,imgs/male.png,(046)537-5564,Kingland,currybrett@yahoo.com,2003-04-01,2nd,Richard Pearson,4,CE,D,Male
20200021,Tiffany Gonzalez,imgs/male.png,9232719374,Garyville,daniel04@byrd.com,2000-09-22,1st,Ronald Sanchez,6,ECE,B,Male
20230022,Elizabeth Sutton,imgs/male.png,905-865-1850,Shortville,cynthia72@yahoo.com,2002-06-06,4th,Vincent Nelson,3,ME,D,Male
20220023,Kimberly Webb,imgs/male.png,(945)314-7379x96507,Hunterborough,matthew94@hotmail.com,1999-08-10,1st,Corey Allen,4,IT,C,Male
20220024,Justin Allen,imgs/male.png,770.143.6349x5788,Ronaldside,jacqueline44@yahoo.com,2003-05-10,3rd,Corey Wilson,4,ME,B,Male
20230025,Pamela Lopez,imgs/male.png,749.894.1343,Harrytown,brandon08@terry-martinez.info,2001-03-06,3rd,Kenneth Harrison,3,CE,B,Male
20200026,Cody Williams,imgs/female.png,116.719.0229x4131,Obrienbury,tkerr@hotmail.com,2006-09-23,2nd,Marc Lynch,6,ECE,C,Female
20210027,Theresa Clark,imgs/male.png,412.328.1206,Norrisfort,halljasmine@hotmail.com,2007-02-27,3rd,David Baker,5,ME,A,Male
20200028,Leah Lara,imgs/female.png,618.324.2102,Brookeshire,smartinez@yahoo.com,2006-04-13,3rd,Jonathan Snyder,6,ECE,A,Female
20210029,Andrew Reynolds,imgs/male.png,940-139-9049x02787,Howardshire,ecosta@yahoo.com,2006-05-19,1st,Michael Hodge,5,IT,D,Male
20200030,Michael Roberts,imgs/male.png,(807)154-5168x0876,East Aprilfort,harrisandrea@yahoo.com,2006-11-20,2nd,John Johnson,6,IT,D,Male
20210031,Rebecca Mckinney,imgs/female.png,808-613-1712x7484,Davenportfort,yarnold@weeks.com,2000-08-14,4th,Richard Perry,5,ECE,B,Female
20220032,Katie Hoover,imgs/female.png,499-727-8755x8867,Mollybury,melissajenkins@yahoo.com,2007-06-24,3rd,Robert Hughes,4,ME,D,Female
20200033,Samantha Pollard,imgs/male.png,028.951.7187x0262,South Kimberlyview,vsantos@hotmail.com,2005-11-24,2nd,Mark Clay,6,CSE,C,Male
20200034,Joshua Williamson II,imgs/male.png,+1-431-611-7240x05045,Ryanbury,georgemiller@yahoo.com,2003-07-13,2nd,Kevin Hall,6,CSE,A,Male
20200035,Julia Estrada,imgs/male.png,482.175.9464x743,Castanedaville,karmstrong@haney-phillips.biz,2004-02-07,1st,Sean Osborne,6,CSE,C,Male
20200036,Susan Mcgee,imgs/male.png,395-339-4210x4709,Jessicaland,julie23@gmail.com,2005-08-28,3rd,Thomas Rivas,6,IT,D,Male
20210037,Roger Olson,imgs/male.png,517-123-6851x6048,South Miguelview,daniel37@gmail.com,2005-01-05,4th,Daniel Brown,5,ECE,D,Male
20230038,Susan Turner,imgs/male.png,(120)047-1138x26758,Matthewsberg,basschristina@yahoo.com,1999-12-28,1st,Daniel Wallace,3,CSE,D,Male
20220039,Jack Pollard,imgs/female.png,(850)643-1713x900,Johnberg,gallegosangela@robinson.com,1999-06-25,4th,William Huerta,4,ME,A,Female
20200040,Rebecca Rodriguez,imgs/male.png,2053950240,Lake Robert,alvarezkimberly@wheeler.org,2000-03-03,4th,Terry Hopkins,6,IT,C,Male
20200041,Mason Johnson,imgs/male.png,661.771.1592x1249,Oscarhaven,bwagner@gmail.com,2001-05-18,2nd,Matthew Mack,6,ECE,D,Male
20210042,Cindy Hayes,imgs/female.png,657.661.5654,Stephaniefort,deckerchristopher@garner.com,2000-06-14,2nd,Justin Rivera,5,EEE,D,Female
20210043,Hayden Ortega,imgs/male.png,001-604-945-1983x27315,Dannyview,xbruce@austin.com,1999-12-04,4th,Michael Parker,5,CE,A,Male
20200044,Aaron Kane,imgs/male.png,001-612-018-3667,Ericport,wareeric@hotmail.com,2000-04-12,1st,Dillon Stanley,6,ECE,B,Male
20230045,Mr. Donald Fischer,imgs/female.png,561-497-8403,Joyceton,kevinclark@duran.com,2001-06-22,4th,Paul Thompson,3,ECE,D,Female
20200046,Michael Mason,imgs/male.png,+1-516-060-7159x69664,South Andrewmouth,xcollier@kim.com,2006-11-05,4th,Joseph Foster,6,CSE,D,Male
20220047,Gerald Cook,imgs/female.png,(181)883-5523,East Jonathanburgh,thompsonkendra@marshall-elliott.org,2007-01-26,3rd,Stephen Day,4,ME,D,Female
20210048,Mrs. Tricia Stewart,imgs/male.png,177.449.0581x477,North Miguelport,gilbertwilliam@carpenter-best.com,2007-01-31,3rd,Kenneth Lopez,5,ECE,A,Male
20200049,Kathryn Rosario,imgs/female.png,151.820.3778x892,Nathanport,rschroeder@hotmail.com,2000-04-28,1st,Matthew Jones,6,CSE,D,Female
20210050,Michael Mitchell,imgs/male.png,001-925-192-5462x9148,Schneidermouth,lucasrodney@smith-parker.com,2005-03-31,1st,John Perez,5,ECE,A,Male
20200051,Billy Richard,imgs/male.png,888-059-2962,East Marie,xwilliams@ball.info,2003-06-01,4th,Eric Stokes,6,CSE,B,Male
20200052,Russell Richardson,imgs/male.png,001-774-688-6239,Port John,angela18@gmail.com,2004-04-13,4th,Christopher Cole,6,IT,C,Male
20220053,Sandra Davis,imgs/male.png,750.606.8536,West Jeffreymouth,lacey20@lowery-kennedy.com,2007-05-31,3rd,Aaron Miller,4,ECE,C,Male
20230054,Ruben Dunn,imgs/male.png,001-986-143-4103x6971,Port Rebeccaside,jennifercarter@mendez.org,2006-07-09,3rd,Michael Mills,3,ME,C,Male
20200055,Troy Stephens,imgs/male.png,806.706.5405x15319,Dennisstad,mariacohen@hotmail.com,2007-07-29,4th,Robert Brown,6,CE,A,Male
20200056,Judith Carter,imgs/male.png,3054868740,West Michael,joshua56@paul-kline.biz,2005-03-14,3rd,Mr. Jonathan Glass,6,ECE,C,Male
20200057,Rebecca Acosta,imgs/male.png,692-845-1154,Seanchester,cbell@berg.com,2000-05-29,3rd,Mark Cox,6,EEE,B,Male
20230058,Meghan Cisneros,imgs/female.png,(970)213-5569,New Ericmouth,scott19@gmail.com,2005-09-04,1st,Matthew Wright,3,IT,C,Female
20200059,Noah Porter,imgs/male.png,(814)473-9473x1217,Lake Sean,elizabeth18@roberts.com,2005-08-01,3rd,Bryan Harris,6,CSE,A,Male
20210060,Richard Johnson,imgs/female.png,-2931,Foxchester,teresaday@owens-holmes.com,2002-07-12,3rd,Carl Shaw,5,CE,B,Female
20220061,Sandra Holmes,imgs/male.png,225-358-4143x8424,New Danielleshire,donnale@morgan.com,2000-10-24,3rd,Martin Ray,4,CE,D,Male
20220062,Pamela Butler,imgs/male.png,+1-078-447-3647x1027,Washingtonborough,larryhiggins@hotmail.com,2005-04-23,1st,Carlos Wood MD,4,IT,D,Male
20220063,John Adams,imgs/male.png,210.469.6325,Jamesburgh,tjimenez@yahoo.com,1999-10-30,1st,James Bryant,4,EEE,B,Male
20220064,Kevin Williams,imgs/male.png,797-480-1624x5650,Williamsside,angela16@cole.org,2001-06-15,4th,Brent Brooks,4,CE,D,Male
20200065,Ms. Holly Thomas,imgs/male.png,+1-868-000-2578x729,West Sarah,phillipjensen@yahoo.com,2005-02-26,1st,Jordan Burns,6,IT,B,Male
20200066,Karen Smith,imgs/female.png,169-409-7499x30972,Hernandezbury,leescott@hernandez-vaughn.biz,2007-12-21,2nd,Thomas Salas,6,ME,B,Female
20200067,Amy Taylor,imgs/female.png,857.865.2785,Ericaview,susanramirez@yahoo.com,2003-04-05,3rd,William Wise,6,CSE,C,Female
20210068,Melissa Burns,imgs/male.png,584.419.8665x2404,West Sandraview,jamesryan@hotmail.com,2004-01-20,1st,Luis Matthews,5,EEE,D,Male
20210069,Michael Schmidt,imgs/male.png,+1-301-657-1208x2677,Port Tamara,debbie19@gmail.com,2000-01-25,2nd,Christopher Khan,5,ECE,D,Male
20200070,Thomas Osborn,imgs/male.png,(724)004-9915x4788,Smallberg,james15@gmail.com,2007-03-29,3rd,Nathan Smith,6,ME,B,Male
20220071,Edward Craig,imgs/male.png,296.685.1612,South Marcus,greenjoe@finley-turner.org,1999-08-18,1st,Ian Young,4,ME,A,Male
20230072,Julie Moore,imgs/male.png,+1-841-459-3327x27956,Toddborough,foxallison@miller-elliott.com,2008-01-12,2nd,Joshua Martin,3,ME,C,Male
20220073,Jessica Frazier,imgs/male.png,001-971-870-7286x790,Chambersport,ascott@robinson.com,2000-06-16,2nd,Benjamin Peck,4,CSE,B,Male
20230074,Jason Mack,imgs/female.png,001-656-766-1825x12868,Lake Tiffany,goodsteven@stephens.com,2007-04-09,3rd,Donald Pineda,3,CSE,C,Female
20220075,Ashley Pacheco,imgs/female.png,(903)311-9079x03067,New Jeff,williamroberts@johnston.com,2003-06-19,3rd,Charles Keller,4,CSE,A,Female
20220076,Eric Brown,imgs/male.png,001-268-705-6856,Hernandezfurt,oallen@mathews-thomas.info,2000-05-31,3rd,Walter Grant,4,CSE,A,Male
20230077,David Harris,imgs/female.png,+1-175-183-0469x9013,South Jason,susan03@gmail.com,2001-06-05,3rd,Paul Rocha,3,ME,A,Female
20230078,Michele Sanders,imgs/male.png,854.678.5445,Owensfort,nathangutierrez@hotmail.com,2003-03-13,3rd,Alan Tran,3,CSE,D,Male
20200079,Michelle Phillips,imgs/male.png,536.937.8547,Murraystad,jenniferfreeman@mooney.com,2000-04-04,3rd,Jason Kirby,6,ME,A,Male
20220080,Michael Smith,imgs/female.png,750.997.7008x86008,Amandaport,ldrake@hull.com,2003-07-14,1st,Joseph Ochoa,4,IT,C,Female
20220081,James Watson,imgs/female.png,(793)341-0166x6870,Lake Georgefort,ariel18@gmail.com,2003-05-05,3rd,Sean Clay,4,ME,C,Female
20210082,Anthony Jones,imgs/male.png,890-250-3926x142,New Mary,patrick21@hotmail.com,2005-04-26,4th,Jeffrey Roberson,5,IT,D,Male
20210083,Randy Friedman,imgs/female.png,(504)773-5866x2961,Laurenland,eric26@ward-davis.com,2006-12-31,4th,Derrick Anderson,5,CE,A,Female
20220084,Jerry Peters,imgs/female.png,(101)581-9956x04661,New Adriana,dominicturner@yahoo.com,2001-11-30,2nd,Jeffrey Fisher,4,ME,C,Female
20230085,Mr. David Wright,imgs/female.png,+1-799-371-2406x5965,Cookberg,carrie37@yahoo.com,2002-06-15,4th,Dr. Eddie Neal,3,IT,B,Female
20230086,Kenneth Sanchez MD,imgs/male.png,(519)398-2807x3741,Chambersberg,johnnymoore@yahoo.com,2005-11-05,1st,William Mendoza,3,EEE,C,Male
20200087,Jonathon Knapp,imgs/male.png,001-680-589-1135x290,Rasmussenmouth,smithjonathan@hotmail.com,2008-04-04,3rd,Michael Walker,6,ECE,B,Male
20210088,Joel Frazier,imgs/male.png,001-825-071-4611x254,Stanleyborough,thomas77@yahoo.com,2000-07-29,1st,Robert Wilson,5,ECE,D,Male
20200089,Maria Byrd,imgs/female.png,(382)825-8673,Sotoburgh,njohnson@gmail.com,2007-01-30,4th,James Bush,6,IT,B,Female
20230090,Paul Stokes,imgs/female.png,918-255-3714,Rosemouth,wmatthews@yahoo.com,2007-03-23,4th,Robert Mccarthy,3,ECE,B,Female
20200091,Lucas Miller,imgs/male.png,(513)412-5286,Carlsonshire,olopez@hotmail.com,2002-05-19,4th,John Taylor,6,ECE,B,Male
20230092,Jerry Brown,imgs/male.png,(072)368-8767x677,North Ariana,antonio38@jackson-ellis.info,2008-02-15,2nd,Brian Hampton,3,CSE,D,Male
20210093,Holly Carson,imgs/female.png,7836134074,Michelleland,rowejoel@hotmail.com,2005-05-25,3rd,Leonard Patterson,5,ME,D,Female
20230094,Rachel Li,imgs/male.png,9584982544,Stephaniehaven,sydneyfloyd@riddle.com,2001-09-09,4th,Michael Poole,3,ME,C,Male
20210095,Megan Burns,imgs/female.png,001-466-711-6845,Clementsmouth,simonstephen@terry.biz,2003-02-20,4th,Dr. Johnny Morris,5,IT,B,Female
20220096,Joshua Anderson,imgs/female.png,500.170.1277x0632,Erikview,john52@sanders.com,2006-09-26,1st,Michael Smith,4,IT,C,Female
20210097,Casey Perez,imgs/female.png,+1-700-516-2713x61115,Nicoleberg,darlenebyrd@gmail.com,1999-07-30,3rd,Christopher Bell,5,EEE,A,Female
20210098,Paul Gillespie,imgs/male.png,+1-731-121-9656x523,Deannabury,abbottdominique@yahoo.com,2002-12-05,2nd,Jordan Adkins,5,ME,B,Male
20210099,Anthony Hurst,imgs/male.png,761.379.1805,Davidshire,amy27@gmail.com,1999-09-19,4th,Adam Lewis,5,ME,C,Male
20230100,Tiffany Sanders,imgs/female.png,866-618-8924x1418,Port Eric,wwillis@hotmail.com,2000-07-22,1st,Jeffrey Ashley,3,ECE,D,Female
20230101,David Middleton,imgs/male.png,799-042-1020,South Stephanie,nathanbrady@yahoo.com,2001-06-10,4th,Allen Roman,3,ME,A,Male
20220102,Austin Joseph,imgs/female.png,001-177-850-7925,West Kerri,joycesmith@sanchez.com,2005-12-12,4th,Christopher Horne,4,ME,B,Female
20230103,Robert Klein,imgs/male.png,+1-635-365-4195x1802,Port Zachary,djones@ayala-collins.com,2007-03-16,3rd,Curtis Elliott,3,ME,D,Male
20200104,Marcus Marshall,imgs/female.png,001-738-320-6038,Cynthiatown,blakenicholas@hotmail.com,2004-08-30,3rd,Joseph Allen,6,IT,D,Female
20210105,Anthony Shea DDS,imgs/female.png,038-657-1918,Lake Lori,grahamtamara@carter.biz,2004-12-25,2nd,Dillon Jones,5,CE,A,Female
20230106,Richard Richards,imgs/male.png,(127)756-1853,Parkerview,mooregina@terry.com,2001-12-15,1st,David Kelly,3,IT,D,Male
20210107,Megan Green,imgs/female.png,(067)883-1712,North Bryanbury,madisonwatson@pace.com,1999-10-21,2nd,Mr. Matthew Lamb Jr.,5,CSE,C,Female
20230108,Rhonda Martinez,imgs/female.png,029.667.0662x532,Joshuaberg,deborahporter@mendoza.biz,2002-10-29,2nd,Robert Wright,3,ME,C,Female
20220109,Kimberly Smith MD,imgs/female.png,001-578-759-8564x205,North Paula,stokesthomas@yahoo.com,2003-05-24,3rd,Mr. Matthew Adams,4,ME,C,Female
20200110,Sylvia Brown,imgs/female.png,965.223.9559,Lake Jackieshire,marycochran@weaver-thompson.com,2000-12-19,1st,Kyle Smith,6,IT,A,Female
20220111,Gary Mendez,imgs/male.png,(525)002-9218,Susanstad,rogersmarcus@gmail.com,2006-11-12,1st,Tyler Banks,4,IT,A,Male
20200112,Wayne Steele,imgs/male.png,+1-539-264-4220x969,East Carriebury,vtaylor@young.com,2000-12-10,2nd,Michael Daniel,6,CSE,B,Male
20210113,Adam Clark,imgs/male.png,001-154-100-6762x676,Amyville,franciscojones@gmail.com,2004-06-13,4th,Dean Garcia,5,IT,A,Male
20210114,Stephen Martin,imgs/female.png,815-997-0629,Mooreville,terriortiz@hotmail.com,2003-12-12,3rd,Edward Davis,5,EEE,B,Female
20200115,Joshua Henry,imgs/male.png,5061497310,East Danielle,tanthony@ruiz-jacobson.com,2000-12-25,3rd,James Watson,6,CSE,A,Male
20220116,Cody Williams,imgs/female.png,743.490.2115x869,New Bruce,rsheppard@yahoo.com,2003-06-11,4th,Blake Orr,4,IT,B,Female
20200117,Kathryn Lester,imgs/male.png,001-921-722-3320,Millerchester,maryscott@sloan.biz,2004-12-24,1st,Joseph Stark,6,IT,C,Male
20200118,Michael Matthews,imgs/male.png,(162)299-9119x14856,Patrickfort,jacksonrichard@hotmail.com,2006-04-08,3rd,Steve Rivera,6,CE,D,Male
20220119,Patrick Mccall,imgs/male.png,(054)447-1324x754,Jacobsland,alewis@washington.com,2008-03-13,3rd,Austin Mckinney,4,CSE,D,Male
20230120,Richard Warren,imgs/male.png,001-023-303-0705,West Micheal,hreid@hotmail.com,1999-12-14,4th,John Griffin,3,EEE,D,Male
20210121,Karen Arnold,imgs/female.png,(241)406-0293x333,Denisehaven,wellsdavid@burke.com,2003-09-23,2nd,Tommy Marquez,5,IT,C,Female
20230122,Desiree Woodard,imgs/female.png,(743)748-9691x085,Kennethville,rogersjoshua@yahoo.com,2004-02-22,4th,Michael Stafford,3,IT,C,Female
20220123,Chris Cannon,imgs/male.png,9652074466,Doyleshire,jessica38@glover.net,2004-07-16,1st,Ryan Walter,4,EEE,D,Male
20210124,Brent Anderson,imgs/female.png,825-135-3465x549,Stevenville,delacruzbrandy@hotmail.com,2000-08-23,4th,Cory Wilson,5,EEE,A,Female
20230125,Kendra Gutierrez,imgs/female.png,(235)697-2521,Cookburgh,smithjoshua@gmail.com,2002-02-16,2nd,Phillip Miller,3,ME,B,Female
20220126,Madeline Powell,imgs/female.png,600.835.0583x0033,Larryville,gary04@yahoo.com,2007-03-11,3rd,Kyle Morgan,4,EEE,C,Female
20200127,Whitney Cooper,imgs/male.png,532.603.3230x9821,Jenniferton,kelsey90@hotmail.com,2000-04-01,1st,Matthew Smith,6,ECE,D,Male
20230128,Jennifer James,imgs/male.png,-6959,South Maria,campbellkristen@gonzalez-gonzalez.com,2008-05-01,4th,Mr. Jason Martin,3,IT,D,Male
20230129,Susan Watts,imgs/male.png,530.011.9721x8114,South Vanessa,steven12@gmail.com,2004-05-17,1st,Michael Simmons,3,EEE,B,Male
20230130,Samuel Zamora,imgs/male.png,2255794155,North Richard,mary76@hotmail.com,2002-04-09,3rd,Michael Brown,3,IT,C,Male
20230131,Caitlin Perry,imgs/female.png,001-797-296-5902,Knappville,qwilliams@hotmail.com,2004-10-11,4th,Sean Warren,3,IT,C,Female
20220132,Misty Walker,imgs/female.png,+1-588-916-3756x28900,New Melinda,charlesvasquez@gmail.com,2005-01-23,3rd,Mr. Daniel Schneider,4,EEE,C,Female
20210133,David Stevens,imgs/male.png,001-717-751-7016,Johnsonside,connersylvia@torres.info,2005-03-25,2nd,Anthony Walker,5,EEE,A,Male
20210134,Justin Harvey,imgs/male.png,571.130.5548x8510,South Donald,kingjames@gmail.com,2006-02-12,2nd,Roger Lee,5,IT,D,Male
20220135,Peter Williams,imgs/female.png,+1-917-798-2708x0869,Glassburgh,dalesandoval@andrade.org,2003-08-28,1st,Victor Waller,4,ECE,C,Female
20210136,Casey Gutierrez,imgs/female.png,001-848-583-3394x522,Jenniferstad,icraig@yahoo.com,2006-08-14,2nd,Joseph Johnson,5,EEE,A,Female
20210137,Michael Gonzalez,imgs/female.png,001-244-204-3805x71983,Youngport,yhughes@edwards.com,2002-11-20,1st,Richard Berg,5,CSE,C,Female
20210138,Susan Bush,imgs/female.png,+1-598-933-4721x2281,Williamsview,eugenesingleton@gmail.com,2005-01-21,1st,Timothy Williams,5,CSE,C,Female
20230139,Linda Ayala,imgs/female.png,+1-947-985-1583x2818,South Amy,baileynicole@hotmail.com,2005-01-29,4th,Edward Clements,3,EEE,B,Female
20200140,Karen Hoffman,imgs/female.png,001-015-739-9305x61648,Angelhaven,stucker@hotmail.com,2002-09-16,4th,Bradley Davis,6,CSE,A,Female
20230141,Patricia Ferguson,imgs/female.png,+1-133-613-8612x0750,North Brianview,rhondarussell@mccoy-hamilton.com,2006-01-22,1st,Joseph May,3,CE,A,Female
20210142,Nicole Richards,imgs/male.png,001-158-144-9147x660,Moorebury,irobles@choi-thomas.com,1999-08-16,3rd,Justin Martinez,5,CSE,B,Male
20200143,Kyle Medina,imgs/female.png,435-368-2223,Jamesburgh,enewman@powers-king.com,2007-09-21,2nd,Howard Lambert,6,CE,D,Female
20230144,Dustin Jones,imgs/female.png,577.594.9299,Lindseychester,edwardskristen@singh.com,2005-01-27,3rd,Joel Howard,3,CE,D,Female
20220145,Juan Thompson,imgs/male.png,+1-142-834-1108x099,Hammondborough,amy87@rowe.org,2004-05-20,1st,Jonathan Davis,4,ECE,B,Male
20220146,Adam Allen,imgs/male.png,+1-282-722-9927x503,Hallview,bradclark@yahoo.com,2006-01-13,2nd,Jesse Williams,4,ECE,B,Male
20200147,Mrs. Michele Boyd,imgs/male.png,498-926-6591x846,New Richard,msparks@gmail.com,2007-12-21,1st,Jeremiah Hall,6,ME,D,Male
20230148,Diana Hernandez,imgs/female.png,(591)365-1777,New Evan,sanchezdavid@hotmail.com,2002-03-05,1st,Jose Macdonald,3,ECE,C,Female
20220149,Christopher Nielsen,imgs/female.png,699.041.3797x72369,Port Brandi,gary57@garza.com,1999-09-18,1st,Scott Gordon,4,IT,B,Female
20220150,Chase Davis,imgs/male.png,990.881.1729x8068,Woodton,shawnaolson@yahoo.com,2005-05-25,4th,Patrick Juarez,4,CSE,B,Male
20210151,Anne Anderson,imgs/female.png,314.986.4300x9818,South Diamondmouth,daniel69@yahoo.com,2003-11-17,2nd,Jeff Diaz,5,CSE,A,Female
20210152,Michael Fischer,imgs/female.png,(887)258-8744x95621,South Krista,lewisrichard@owen-mendez.com,2002-03-02,3rd,Mark Brock,5,ME,A,Female
20230153,Kaitlyn Burke,imgs/female.png,143-519-0669,Jenniferton,mgonzales@galvan.org,2008-02-13,4th,David Jackson,3,EEE,D,Female
20230154,David Smith,imgs/male.png,(146)566-9380,North Andreaside,sylvia43@hotmail.com,2002-09-28,1st,Jared Smith,3,ME,C,Male
20220155,Jonathan Hansen,imgs/male.png,451.848.9476x97357,Mosleytown,scottpatrick@gmail.com,2003-05-06,1st,Jason Gomez,4,ECE,A,Male
20220156,Mercedes Baker,imgs/male.png,165-182-7553x9423,Mclaughlinbury,jamie33@kelly.com,2007-10-25,2nd,Phillip Weaver,4,ME,D,Male
20220157,John Oliver,imgs/male.png,947.284.6392x0867,New Michaelburgh,wolfesteve@hotmail.com,1999-07-30,4th,Daniel Carpenter,4,IT,D,Male
20200158,Louis Green,imgs/female.png,-6504,South Jaclyn,melissa47@gmail.com,2001-08-30,3rd,Michael Olsen DDS,6,ME,C,Female
20220159,Kristi Chase,imgs/male.png,227.026.7288,Kristenport,rosshannah@gmail.com,2003-02-05,2nd,John Soto,4,EEE,D,Male
20230160,George Ward,imgs/female.png,-6844,Port Justin,champton@gmail.com,2005-11-30,4th,John Frye,3,CE,A,Female
20230161,Margaret Mcfarland,imgs/male.png,(996)112-5355x44964,Normanstad,bjackson@gmail.com,2003-06-04,3rd,Todd Haynes,3,EEE,C,Male
20200162,Christopher Garcia,imgs/female.png,780-068-1149,North Diana,jerome47@hotmail.com,2001-08-01,1st,Ryan Johnson,6,IT,D,Female
20230163,Shannon Nguyen,imgs/male.png,784.872.8299x7968,Reginafort,ramosmichael@moore-smith.net,2001-10-01,2nd,John Smith,3,CE,C,Male
20230164,Theresa Woods,imgs/female.png,6493085368,Fosterburgh,fwalker@yahoo.com,2003-07-05,1st,Robert Austin,3,ECE,C,Female
20210165,Denise Wong,imgs/female.png,-4763,Nelsonfort,andrew08@lopez.com,2004-01-05,4th,Jeffrey Smith,5,IT,D,Female
20200166,Adrian Robinson,imgs/male.png,(475)705-1204x61872,Port John,martinezkayla@gmail.com,2005-12-24,2nd,Jeremy Rojas,6,IT,B,Male
20220167,Joel Wise,imgs/male.png,376.452.0881x47435,Port Elizabethville,knguyen@richards-foster.com,1999-08-02,4th,Mr. Michael Barker,4,CSE,B,Male
20200168,Randy Wright,imgs/female.png,195.005.2812x7358,Lindamouth,norrismichael@king.info,2006-11-16,1st,Joshua Henry,6,IT,B,Female
20230169,Kimberly Morris,imgs/female.png,498.218.2744x857,Port Danafurt,harveymichael@allen.net,2006-01-09,3rd,Michael Cannon,3,ME,D,Female
20230170,Douglas Ortiz,imgs/male.png,118-102-2031x73109,Barretthaven,diazcatherine@gmail.com,1999-08-28,4th,Daniel Henry,3,CE,B,Male
20230171,Angela Owen,imgs/male.png,5865094801,Christianborough,hardyamanda@lee.com,2002-06-23,2nd,Justin Reese,3,CSE,C,Male
20230172,Laura Craig,imgs/female.png,001-612-286-8528x975,Andreamouth,bduran@hotmail.com,2004-12-07,3rd,Justin Lewis,3,CSE,C,Female
20220173,Tammy King,imgs/female.png,760.049.0824x043,Port Leslie,clintonstevens@gmail.com,2001-10-15,2nd,Steve Wright,4,ME,D,Female
20220174,Eric Duncan,imgs/female.png,001-315-727-9194,Lake Lindseyfurt,weeksmatthew@butler-parrish.com,1999-08-18,4th,Mark Brown,4,ME,C,Female
20210175,Emma Cunningham,imgs/male.png,832-067-9981x36462,West Christopher,zbaker@hamilton.info,2002-10-21,4th,Matthew Gonzalez,5,ECE,D,Male
20200176,Nancy Sanchez,imgs/female.png,465-911-6655,West Melvin,gary59@hanson-alexander.com,2002-10-30,4th,Christopher Chandler,6,IT,D,Female
20230177,Patrick Sanchez,imgs/male.png,+1-240-514-7705x383,New Alexandra,jdean@hotmail.com,1999-09-30,4th,Taylor Rose,3,CSE,B,Male
20220178,Antonio Gonzalez,imgs/male.png,001-940-701-6451x046,South William,todd98@lopez.info,1999-10-19,4th,Thomas Torres,4,CSE,D,Male
20200179,Patrick Smith DDS,imgs/male.png,(438)404-6084x325,Sandovalland,robertberry@yahoo.com,2004-09-30,4th,Gary Daniels,6,IT,B,Male
20200180,Charles Weaver,imgs/female.png,248.262.9251,East Lonnieberg,nicole66@ramos-peck.com,2002-01-07,3rd,Brian Lopez,6,EEE,D,Female
20200181,Lisa Adams,imgs/female.png,001-939-330-5172,Josephstad,ihenry@lee.biz,1999-09-09,4th,Travis Walker,6,EEE,D,Female
20200182,Christina Harris,imgs/male.png,(797)573-6609,Cortezfurt,hayesmargaret@rich.net,2006-03-01,2nd,Andrew Hughes DDS,6,IT,C,Male
20210183,Cheryl Gonzales,imgs/male.png,472-649-0827x7181,Port Brenda,cgutierrez@white.com,2007-03-03,4th,Fred Wong,5,CSE,A,Male
20230184,Carly Quinn,imgs/male.png,175-186-8926,Williamsburgh,fernandothomas@hotmail.com,2000-04-21,3rd,Eric Mack,3,CSE,A,Male
20220185,Mark Wilson,imgs/male.png,(309)407-7780,Youngshire,fortiz@hotmail.com,1999-07-18,3rd,Joshua Harvey,4,EEE,C,Male
20230186,Samantha Williams,imgs/male.png,(050)209-9451,North Robertburgh,cheryl99@thompson.com,2001-01-06,2nd,Frank Merritt,3,CE,D,Male
20210187,Olivia Bridges,imgs/male.png,472-145-8683,New Brian,mramsey@mitchell.net,2005-06-14,2nd,Lucas Crawford,5,CSE,D,Male
20210188,Kathleen Morton,imgs/female.png,+1-343-010-7139x660,Michaelborough,hannahking@parker.net,2004-12-10,2nd,Brian Cook,5,ECE,D,Female
20220189,Keith Choi,imgs/female.png,(355)770-2727,Stevenchester,annette58@smith.com,2000-07-23,3rd,Mr. Andre Terrell,4,IT,A,Female
20230190,Sarah Duncan,imgs/female.png,(291)450-4617x3574,New Kevin,kristen31@hunter-lloyd.net,2002-01-20,2nd,Thomas Oconnor,3,CSE,D,Female
20220191,Patricia Thomas,imgs/female.png,823-076-8104,Lake Melanieland,gsmall@hotmail.com,2004-09-30,4th,Peter Fowler,4,IT,C,Female
20230192,Curtis Mitchell,imgs/female.png,-5101,East Amyside,donald49@gmail.com,2002-05-07,2nd,Louis Morgan,3,ME,D,Female
20200193,Carlos Ruiz,imgs/male.png,+1-016-016-6299x79545,Lake Katherine,fbradley@mcdonald.info,2007-06-09,4th,Danny Callahan,6,CE,C,Male
20220194,Susan Myers,imgs/female.png,001-557-701-7157x724,Cassandraberg,yroth@nguyen.com,2004-07-28,1st,James Gutierrez,4,IT,D,Female
20220195,Kimberly Dickson,imgs/male.png,(153)966-9583x2197,New Caitlinmouth,zthompson@george.org,2005-11-17,1st,Matthew Brown,4,CE,D,Male
20220196,Charles Carpenter,imgs/male.png,001-022-784-6997x33549,Samanthachester,aguilarcheryl@hotmail.com,2006-04-23,3rd,Samuel Brown,4,ECE,B,Male
20220197,Tracy Smith,imgs/male.png,-10205,Jamesside,thomaslopez@bridges-ward.biz,2002-01-21,1st,Shane Martinez,4,IT,A,Male
20220198,Matthew Thomas,imgs/female.png,621.267.9692x7868,Cruzbury,kjacobs@bradford-young.net,2004-01-06,1st,Joshua Richardson,4,CE,C,Female
20210199,Laura Bush,imgs/male.png,971-284-7818,East Thomasland,bergeramanda@gmail.com,2007-05-30,3rd,Taylor Berry,5,EEE,D,Male
20210200,Harry Levine,imgs/male.png,420-949-4079x2904,West Toddberg,johnathan94@hodge-smith.com,2002-05-28,2nd,Patrick Hopkins,5,CE,C,Male
20220201,Christopher Patton,imgs/male.png,728.051.2927,Townsendbury,jasonnavarro@yahoo.com,2000-05-10,3rd,Pedro Wilson,4,ME,C,Male
20220202,James Turner,imgs/male.png,001-836-674-2860x4765,North Samanthastad,matthew41@yahoo.com,2006-02-01,4th,Michael Allen,4,CSE,B,Male
20210203,Patricia Meyer,imgs/female.png,+1-258-001-0618x17534,Jamestown,maysdiane@sampson.com,2001-06-22,3rd,Larry Bennett,5,CSE,D,Female
20200204,Maria Pratt,imgs/female.png,(124)471-7465,Fernandoland,reyesmarvin@gmail.com,2003-10-29,1st,Dennis Alexander,6,ME,C,Female
20220205,Timothy Bishop Jr.,imgs/female.png,128.639.1741x0119,Kimberlytown,denisesmith@gmail.com,2006-01-28,3rd,Michael Conway,4,CSE,B,Female
20230206,Kaylee Case,imgs/male.png,766.183.0671x9855,Richardland,christopher74@hotmail.com,2002-11-21,3rd,Andrew Cruz,3,CE,B,Male
20200207,Michael Mosley,imgs/female.png,+1-571-732-0309x3761,Victormouth,morganmatthew@williams.net,2007-03-26,3rd,Seth Herrera,6,IT,D,Female
20200208,Crystal Jones,imgs/male.png,001-270-790-3202x0417,Port Brittany,crawfordlauren@brown.biz,2005-03-04,1st,William Gregory,6,CSE,C,Male
20230209,William Johnston,imgs/male.png,(530)925-1142,Jacksonstad,lsanchez@anderson.org,2005-10-31,1st,Alan Tucker,3,ECE,B,Male
20230210,Christopher Davis,imgs/female.png,+1-946-723-2487x6329,New Hectorfort,michael08@lee.com,2005-08-03,3rd,William Romero,3,IT,D,Female
20210211,Mark Clark,imgs/female.png,3127722005,Jasonview,vwilliams@gmail.com,2002-06-04,1st,Allen Robertson,5,ME,D,Female
20220212,David Wallace,imgs/male.png,001-563-531-5313,Kanefurt,ruiztodd@thomas-reilly.info,2002-06-18,3rd,Chad Cortez,4,ECE,D,Male
20230213,Vanessa Harris,imgs/male.png,(090)421-7762,Jeffreyport,belindatran@miller.info,2003-02-11,3rd,Russell Ramirez,3,CSE,C,Male
20220214,Nancy Wright,imgs/male.png,693-929-0600x78068,Mendozaville,jallen@gmail.com,2006-05-08,4th,Casey Phillips,4,EEE,B,Male
20200215,Ann Castillo,imgs/female.png,279-907-7262x5701,Barrymouth,ronald49@johnston.org,2005-02-21,1st,Anthony Dougherty,6,IT,B,Female
20200216,Stacy Rodriguez,imgs/male.png,(790)552-8183x253,Lake Timothyshire,lukehurst@frazier.com,2007-02-17,3rd,Joseph Martinez,6,ECE,B,Male
20210217,Meghan Patel,imgs/male.png,795-137-1162x4112,Danielberg,nancymeyer@hotmail.com,1999-10-26,2nd,Wayne Weaver,5,CE,B,Male
20210218,Gregory Wallace,imgs/female.png,+1-043-103-8569x5579,Ellisshire,george43@watson-roberts.com,2001-12-15,2nd,Jesus Jackson,5,CE,A,Female
20220219,Michelle Mitchell,imgs/male.png,(223)105-9274,Jackside,tiffany25@fernandez-martin.com,2001-07-01,2nd,Jared Porter,4,CE,C,Male
20210220,Jimmy Flores,imgs/male.png,8854749297,Hannahfort,ericawilson@morales.info,2005-07-06,1st,Anthony Davidson,5,ECE,A,Male
20220221,Courtney Walls,imgs/male.png,301-871-8637x599,Lake Michaelberg,paul04@yahoo.com,2005-05-30,3rd,Jeremy Hoffman,4,CSE,B,Male
20220222,Stephen Figueroa,imgs/male.png,(742)662-9912x34785,New Katelynland,rfowler@thompson-murray.org,2001-10-05,2nd,Ronnie Roberts,4,IT,D,Male
20200223,Rodney Turner MD,imgs/male.png,873.002.4471x4627,North David,egamble@hotmail.com,2005-08-02,4th,Keith Oneill,6,ME,C,Male
20200224,Karen Benson,imgs/female.png,589-042-9025,Johnsberg,brianward@hotmail.com,2005-06-28,2nd,Eddie Fowler,6,CE,A,Female
20220225,Cory Burton,imgs/female.png,001-192-855-4451x89520,New Juan,kpeterson@gmail.com,2003-02-20,1st,Daniel Lopez,4,CSE,D,Female
20230226,Lisa Guerra,imgs/female.png,881.671.1207x54527,Geraldport,walkermelissa@watts.com,2003-01-01,1st,Blake Vazquez,3,ME,D,Female
20200227,Angela Hampton,imgs/male.png,001-603-108-9071x40140,Port Davidborough,ellenjohnson@singleton.org,2005-05-08,3rd,Scott Norman,6,CE,B,Male
20200228,Kathy Jones,imgs/male.png,001-083-342-8013,Richardsonshire,gnunez@davenport.biz,2003-01-29,3rd,Jason Juarez,6,CE,C,Male
20230229,John Stone,imgs/female.png,548.015.7164x7947,New Richard,melissajacobson@yahoo.com,2005-09-07,4th,Zachary Vasquez,3,CE,D,Female
20200230,Jeffrey Barrett,imgs/male.png,126-691-2153,Jamesfurt,maryhardy@hubbard-miranda.org,2004-01-29,2nd,Robert Harding,6,ME,D,Male
20210231,Melvin Clements,imgs/female.png,842.711.4773x2010,South Erikaburgh,eric99@gmail.com,2000-09-25,3rd,Joseph Vasquez,5,ME,D,Female
20230232,Edward Jimenez,imgs/male.png,485.880.0616x75677,North Gregoryport,tjordan@price.info,2007-06-05,3rd,Scott Hunter,3,ME,C,Male
20220233,Johnny Arellano,imgs/female.png,+1-545-009-0255x905,Davisstad,qbell@gmail.com,2003-08-24,2nd,Erik Miller,4,IT,D,Female
20200234,Sheila Wilson,imgs/male.png,(085)076-9864,Lake Terrytown,uhudson@hotmail.com,2001-02-04,1st,Brett Leonard,6,CSE,D,Male
20200235,Jonathan Hubbard,imgs/female.png,294-563-7183x44049,Ballardland,joshua98@simmons-reed.com,2004-07-26,2nd,Elijah Alvarado,6,CE,A,Female
20220236,Jason King,imgs/male.png,782.082.9737x48969,New Jamesmouth,edwardjennings@richard-jenkins.com,2002-11-23,4th,Derek Mitchell,4,EEE,D,Male
20200237,Michael Young,imgs/female.png,123.034.7786,Lucaston,josephjohnson@hopkins-thompson.com,2007-09-12,3rd,Anthony Mosley,6,EEE,A,Female
20210238,Edward Brown,imgs/male.png,(516)231-9818x98471,New David,marisa63@yahoo.com,2003-02-21,4th,Christopher Booker,5,ECE,A,Male
20220239,David Lawrence,imgs/female.png,851.586.7342x5754,Lake Tammyton,johnnycruz@mullen.com,2003-06-15,1st,James Browning,4,EEE,B,Female
20230240,William Scott,imgs/male.png,343-275-6041,Ruizchester,gmcdowell@gmail.com,2003-11-15,3rd,Guy Guzman,3,CSE,B,Male
20220241,Nancy Chavez,imgs/female.png,272063459,North Erichaven,usparks@mendoza-moss.com,2002-05-20,3rd,Ronald Marsh,4,EEE,A,Female
20210242,Jason White,imgs/male.png,(930)089-3173x4206,Burkeberg,george91@higgins.info,2007-11-03,4th,Micheal Lee,5,CSE,B,Male
20200243,Rachael Roberts,imgs/male.png,626.393.4362x6204,Joemouth,brandi71@harrison.biz,2003-01-16,2nd,Michael Fitzgerald,6,ME,D,Male
20230244,Brandon Brown,imgs/female.png,375-990-0489x64652,New Harryburgh,natalie21@yahoo.com,2006-10-19,2nd,Bruce Williams,3,EEE,C,Female
20220245,Seth Davenport,imgs/male.png,001-564-494-8562x5728,Brownberg,isaacharrison@mccarthy.com,2007-11-08,1st,Herbert Fletcher,4,ECE,B,Male
20200246,Mr. Ryan Camacho,imgs/male.png,513-422-8499,New Whitney,robertjones@rhodes-clay.com,2004-04-08,3rd,Michael Long,6,ME,D,Male
20230247,Tiffany Hood,imgs/female.png,(017)774-9050,Nguyenshire,michellesolis@morris-brown.com,2005-12-02,4th,David Allen,3,EEE,B,Female
20200248,Jennifer Smith,imgs/female.png,266.421.4764,West Elizabeth,tracymcclure@yahoo.com,2004-01-01,4th,Jay Avila,6,CSE,C,Female
20230249,Lisa Hamilton,imgs/female.png,(108)573-2788x14761,Evansberg,alexandraphillips@gmail.com,2000-09-25,1st,Jose Dixon,3,ECE,D,Female
20200250,John Cortez,imgs/male.png,549-180-1722x601,Mcdowellport,ctodd@hotmail.com,2003-12-11,2nd,Thomas Patrick,6,EEE,B,Male
20210251,Blake Hendrix,imgs/female.png,168-006-1027x769,Turnerstad,christopher20@gmail.com,2001-05-03,3rd,Michael Lopez,5,EEE,A,Female
20200252,John Thomas,imgs/female.png,683.147.2760,East Rachelmouth,csmith@hotmail.com,2003-07-24,4th,Keith Bass,6,ECE,B,Female
20230253,Adam Mccoy,imgs/male.png,001-667-998-4076x789,Hallton,jray@adams.biz,2007-06-27,3rd,Marcus Lucas,3,CSE,D,Male
20200254,Jeffrey Martin,imgs/female.png,001-375-738-3959x7246,Whitakerstad,christycampbell@hotmail.com,2000-11-24,1st,Carl Gonzalez,6,ME,A,Female
20220255,Ashlee Perry,imgs/female.png,433.800.5452x2801,Ryanbury,tomchaney@hammond-carrillo.net,2003-12-26,4th,Scott Russo,4,IT,D,Female
20220256,Ashley Williams,imgs/male.png,711.991.8081x213,Ericport,goconnor@gmail.com,2005-08-15,4th,Chad Allison,4,CSE,C,Male
20210257,Jason Mack,imgs/female.png,754.821.4565,East Karen,devinpatterson@yahoo.com,2007-03-28,3rd,Jose Fleming,5,CSE,D,Female
20200258,Jessica Carrillo,imgs/male.png,001-811-556-2606x029,Lake Tinahaven,rmorales@hotmail.com,2004-08-10,4th,Erik Cooper,6,CE,D,Male
20200259,Stephanie Bishop,imgs/female.png,(673)899-7563,Christopherside,vhardy@gmail.com,2008-04-15,3rd,Duane Davis MD,6,IT,C,Female
20210260,Nicole Moore,imgs/female.png,8943468105,Courtneystad,shermanshelly@evans-doyle.info,2005-03-14,2nd,Robert Zhang MD,5,CSE,A,Female
20210261,Lori Ferguson,imgs/female.png,+1-354-492-6831x589,Port Kimberly,thomasronald@yahoo.com,2000-10-29,3rd,Jeffery Anderson,5,IT,B,Female
20210262,Blake Rhodes,imgs/male.png,(988)649-7677x6228,South Jennifer,bensonstanley@francis.com,2001-06-14,2nd,Jason Martinez,5,EEE,B,Male
20210263,Amanda Hernandez,imgs/male.png,(454)470-2296x044,East Lori,martinezmichael@gmail.com,2006-07-15,1st,Eric Chavez,5,ECE,D,Male
20230264,James Davenport,imgs/female.png,+1-228-777-2519x966,South Matthew,pfitzgerald@cline.com,2004-09-08,3rd,Caleb Hansen,3,IT,C,Female
20210265,Luke Ray,imgs/female.png,9837801820,Kristinbury,romancatherine@yahoo.com,2000-03-13,1st,Timothy Morgan,5,ME,D,Female
20220266,Alexander Rice,imgs/female.png,(411)182-4224x1246,North Christina,anthonybrown@yahoo.com,2001-02-10,1st,Jason Nguyen,4,EEE,A,Female
20220267,Ronald Martinez,imgs/female.png,399.378.8614,West Stevenchester,ojohnson@mcintyre.com,2001-02-27,4th,Justin Glover,4,CSE,A,Female
20220268,Jason Miller,imgs/female.png,+1-832-582-3868x7007,Deniseburgh,mahoneytimothy@king.com,2008-02-12,1st,Christopher Ferguson,4,IT,A,Female
20230269,Brandon Hale,imgs/female.png,(846)398-5547,Johnmouth,stevegreene@gmail.com,2001-09-15,1st,Aaron Alvarez,3,ME,B,Female
20220270,Megan Gutierrez,imgs/female.png,001-768-118-0715x695,Thompsontown,mwood@smith-paul.com,2005-07-09,2nd,Robert Garrett,4,CSE,D,Female
20200271,Connie Baird,imgs/female.png,(047)930-3614x987,New James,chapmanjulie@green.com,2008-05-01,1st,Donald Abbott,6,CE,B,Female
20200272,Wayne Byrd,imgs/male.png,+1-487-060-5664x187,Wardton,ramirezrobert@stewart-myers.com,2000-10-28,4th,Robert Mooney,6,ME,B,Male
20220273,Michael Rosario,imgs/female.png,325.411.0760,Marybury,vallen@underwood.com,2000-09-03,3rd,Manuel Duran,4,ME,D,Female
20220274,Lauren Miller,imgs/male.png,651207049,Joneston,melissa61@walton.org,1999-08-12,3rd,John Patterson,4,CSE,C,Male
20200275,Ashley Curtis,imgs/female.png,+1-078-593-1109x19392,Michaelfort,johnrobles@gmail.com,2001-08-09,3rd,Jeffrey Moyer,6,EEE,B,Female
20220276,Emily Mcclure,imgs/male.png,001-227-495-4508x92038,South Mauriceborough,petersonelizabeth@holt.org,2005-02-21,2nd,Jason Martin,4,EEE,C,Male
20230277,Richard Williams,imgs/male.png,033.793.3756,South Jack,alejandro50@wilson.org,2005-07-22,1st,Allen Gonzalez,3,EEE,D,Male
20220278,Stephen Higgins,imgs/male.png,832-302-4102x61534,Allenstad,ejohns@thomas.com,2002-09-11,1st,Michael Stewart,4,IT,D,Male
20220279,Mark Mccall,imgs/male.png,001-993-842-5304x28973,Port Thomasland,ppotter@brooks.com,2008-05-16,3rd,Mike Simpson,4,EEE,B,Male
20210280,James Morse,imgs/female.png,001-033-373-6346,Duncanstad,taylorchristopher@yahoo.com,2008-04-04,4th,Kevin Marshall,5,ECE,B,Female
20210281,Jessica Mcdonald,imgs/male.png,(575)460-2734x15148,Port Joshuabury,jonesbenjamin@cook.com,2003-09-08,1st,Robert Sutton,5,EEE,A,Male
20200282,Michael Bolton,imgs/female.png,001-840-445-6690x78263,Lake Kara,zacharyhartman@yahoo.com,2007-04-14,2nd,Brady Singleton,6,CE,D,Female
20210283,Tom Butler,imgs/male.png,780.529.2407x553,Simmonsfurt,brenda90@gmail.com,2002-01-18,2nd,Zachary Carroll DDS,5,IT,B,Male
20230284,Laura Myers,imgs/male.png,(361)863-7159x7412,Lake Angelaton,lopezchad@yahoo.com,2004-04-05,4th,Eddie Warren,3,EEE,B,Male
20230285,Jacob Smith,imgs/female.png,662-128-6716x32346,Mooreshire,waynecohen@yahoo.com,2002-11-12,4th,Charles Brown,3,ECE,B,Female
20220286,Robert Fox,imgs/female.png,001-777-901-4754,Austinburgh,haydenwilliamson@yahoo.com,2007-03-22,2nd,Matthew Hale,4,EEE,D,Female
20230287,Michael Williams,imgs/female.png,(484)137-6815,Port Danielmouth,nmartin@hotmail.com,2000-03-11,4th,Benjamin Neal,3,CE,D,Female
20210288,Jane Reese,imgs/male.png,600.412.5777,North Amybury,thomasramirez@gmail.com,2002-05-03,2nd,Lawrence Thompson,5,EEE,A,Male
20230289,Patrick Jackson,imgs/female.png,+1-042-752-3083x70816,Scotttown,pwang@kerr-gonzalez.com,2006-08-10,1st,Adrian Hoover,3,IT,A,Female
20220290,Amy Benjamin,imgs/male.png,220-681-5583,New Randall,halldaniel@yahoo.com,2002-05-21,2nd,Matthew Smith,4,EEE,D,Male
20210291,Daniel Barrett,imgs/female.png,950-136-4971x892,Susanmouth,martinreid@hotmail.com,2004-11-03,1st,Melvin Jones Jr.,5,ECE,D,Female
20220292,Joann Dixon,imgs/male.png,001-389-030-9143x6391,East Nicholasport,nicholasmay@mclean.info,2005-01-09,4th,Evan Buchanan,4,CSE,D,Male
20220293,Ricky Perry,imgs/male.png,035-533-8033x9685,South Crystal,mjones@walters.com,2001-07-27,4th,Kevin Guerra,4,CSE,C,Male
20210294,Cynthia Miller,imgs/male.png,001-742-336-2934x4973,Michellefort,raymond27@henderson-lynch.biz,2002-01-31,3rd,Ricky Smith,5,CSE,C,Male
20210295,Scott Blake,imgs/male.png,982-824-6747x4689,Jonesberg,ericlopez@gmail.com,2007-12-14,1st,James Sullivan,5,EEE,D,Male
20210296,James Harmon,imgs/female.png,(749)160-1692x3645,Reidstad,vhouse@allen.com,1999-11-30,4th,Matthew Green,5,CE,A,Female
20200297,Michael King,imgs/male.png,+1-920-116-6918x362,Kingport,jessica11@hotmail.com,2005-04-16,3rd,Derrick Clark,6,ECE,B,Male
20230298,Melissa Smith,imgs/male.png,(701)168-6462,West Jacob,tomshaw@hayes.com,2002-11-07,3rd,Clayton Malone,3,ECE,C,Male
20200299,Steven Ortiz,imgs/male.png,+1-912-141-6141x5093,Washingtonville,adamsstephanie@aguilar.net,1999-07-23,2nd,Joseph Hayden,6,ME,D,Male
20200300,John Sherman,imgs/male.png,+1-655-553-5669x055,North Stephenfurt,guzmanmisty@tapia-walton.com,2005-09-13,4th,Michael Kane,6,CE,A,Male
20210301,Mary Smith,imgs/male.png,+1-505-057-3976x9156,Hatfieldville,catherine28@hotmail.com,2008-01-07,3rd,Jonathan Miller,5,ME,A,Male
20220302,Whitney Archer,imgs/male.png,271.783.3321x160,West Raven,jenniferwade@hotmail.com,2001-07-11,4th,Thomas Schultz,4,ECE,A,Male
20220303,Robert Cook II,imgs/male.png,001-915-668-6334,West Christopherland,juliewilson@yahoo.com,2001-08-07,1st,Troy Ray,4,ME,D,Male
20200304,Antonio Nichols,imgs/female.png,(655)289-9316x0875,Port Sherri,jfrazier@campbell.com,2004-11-17,3rd,William Martinez,6,EEE,A,Female
20220305,Michelle Mendoza DVM,imgs/male.png,460.523.3027x6420,Rogersfort,hmyers@hotmail.com,2004-03-31,3rd,Thomas Haynes,4,ECE,A,Male
20220306,Anne Morris,imgs/male.png,001-047-292-7742,East Linda,coxmelissa@gregory.biz,2006-09-12,1st,Christopher Brown,4,EEE,C,Male
20210307,John Landry,imgs/female.png,859-626-3013,Burnsburgh,stricklandmichelle@hotmail.com,2005-12-07,4th,Matthew Richardson,5,IT,B,Female
20210308,Bradley Burns,imgs/male.png,+1-830-999-7419x26764,North Mark,bhess@hawkins-herrera.net,2007-09-29,4th,Ryan Ryan,5,CSE,C,Male
20210309,Marissa Molina,imgs/male.png,129.208.7510,New Jamie,hartmelissa@miller.net,2004-07-06,2nd,Joshua Henderson,5,CSE,C,Male
20220310,April Turner,imgs/female.png,487.297.5859x88310,North Jacob,susanguzman@gmail.com,2005-07-17,4th,Nicholas Henderson,4,EEE,A,Female
20210311,Debbie Santos,imgs/female.png,(671)462-8314,Lake Nathan,uunderwood@gray-maynard.com,2000-10-01,3rd,Joseph Sutton,5,CSE,C,Female
20220312,Gary Davis,imgs/male.png,423-401-6361x12849,Davisstad,catherine02@yahoo.com,2006-01-22,3rd,Robert Byrd,4,ME,D,Male
20230313,Kristen Macias,imgs/female.png,(792)408-2226x9405,Lake Charlotte,scottgomez@yahoo.com,2007-12-23,3rd,Troy Meyer,3,ECE,D,Female
20230314,Tammy Perez,imgs/female.png,+1-146-511-1312x9014,Stokestown,timothyrobertson@hotmail.com,2001-07-21,3rd,Luis Bartlett,3,CSE,D,Female
20200315,Michelle Park,imgs/female.png,001-538-909-7283x2152,Stephaniechester,hjackson@yahoo.com,2003-09-06,2nd,Samuel Hodge,6,CE,C,Female
20220316,John Baker,imgs/male.png,9634807970,Adammouth,michael05@hotmail.com,2002-08-07,1st,Adam Jordan,4,EEE,C,Male
20220317,Joseph Roach,imgs/female.png,(170)243-7654x56284,South Dianamouth,michaelhamilton@stephenson-fletcher.com,2002-08-28,4th,Casey Fisher,4,ECE,D,Female
20220318,Andre Wade,imgs/female.png,416.787.2568x6211,East Erichaven,brettgallegos@bray-mclaughlin.biz,2007-08-08,1st,John Hodges,4,IT,C,Female
20230319,Christian Dixon,imgs/female.png,414.363.7189,East Victoria,davidmorales@mooney-hickman.biz,1999-09-25,1st,Brandon Williams,3,CSE,D,Female
20220320,Eric Schultz,imgs/male.png,356.708.6041,Michaelstad,luiswilliams@gmail.com,1999-06-11,1st,Patrick Lewis,4,ECE,D,Male
20200321,Terry Garcia,imgs/male.png,(475)541-1082,Michaelstad,debraclark@yahoo.com,2000-12-01,1st,Carlos Newton,6,ECE,C,Male
20220322,Kevin Barr,imgs/female.png,+1-337-118-9547x3820,East Robert,patricia71@yahoo.com,2000-08-01,1st,Joseph Farley,4,CE,B,Female
20230323,Carol Hill,imgs/female.png,(409)036-7881,South Karen,rmorales@gmail.com,2002-07-25,3rd,Kenneth Vargas,3,ME,A,Female
20210324,Timothy Hunt,imgs/female.png,844.344.8123x08340,West Sara,dayjohn@gmail.com,2001-05-29,4th,Gregory Jacobs,5,EEE,C,Female
20210325,Bradley Thornton,imgs/male.png,-1423,Gregorytown,qbautista@walters.com,2004-12-12,1st,Kevin Morton,5,IT,B,Male
20230326,Brittney Hall,imgs/female.png,001-652-717-2722x3972,Andrewburgh,mmcdaniel@thomas.com,2007-03-05,1st,Wesley Garcia,3,EEE,C,Female
20230327,Monica Morton,imgs/male.png,+1-166-010-0231x429,Port Tammyville,harristimothy@hotmail.com,2006-12-28,3rd,Eric Mendoza,3,IT,D,Male
20210328,Joshua Adams,imgs/male.png,-2145,East Andrewchester,michaelmitchell@hotmail.com,2005-12-23,2nd,Miguel Valenzuela,5,CSE,D,Male
20210329,William Walker DVM,imgs/female.png,519-515-1092x2685,Lake Ronald,michael14@yahoo.com,2005-09-17,1st,Robert Dawson,5,IT,C,Female
20220330,Aaron Fitzpatrick,imgs/male.png,(252)677-1196,Duanemouth,katrinagomez@coleman-steele.biz,2005-02-08,3rd,Tony Dorsey,4,EEE,B,Male
20210331,Joshua Ryan,imgs/female.png,883.619.6893x1350,Port Andre,samanthabrown@yahoo.com,2005-07-28,2nd,Sean Fuentes,5,CSE,B,Female
20210332,Charles Castaneda,imgs/male.png,(333)021-2606x50191,Monroeburgh,michaelmiller@smith.com,2002-07-15,4th,Charles Rose,5,CSE,C,Male
20220333,Julie Sharp,imgs/female.png,041.200.9282x066,Spencerview,rodneymoore@gmail.com,2008-04-21,2nd,Trevor Paul,4,CE,A,Female
20200334,Anthony Long,imgs/female.png,001-891-775-6620x5634,North Christianmouth,julianweaver@lewis.com,2002-08-17,4th,Mark Johnson,6,IT,D,Female
20230335,William Cunningham,imgs/female.png,001-700-514-0546,West Karen,jacquelinedavis@yahoo.com,2008-01-01,1st,Robert Hernandez,3,ECE,C,Female
20200336,Janet Willis,imgs/female.png,4227113322,Sethberg,michael60@hotmail.com,2006-01-10,4th,Zachary Lawson,6,IT,C,Female
20210337,Latasha Gamble,imgs/male.png,024-817-1752,Evanview,christopher27@yahoo.com,2007-06-26,2nd,Phillip Ramos DVM,5,ME,A,Male
20200338,Valerie Freeman,imgs/male.png,(466)927-5895x516,Bakerton,hollycastro@farrell.biz,2002-02-15,3rd,Scott Walker,6,ECE,B,Male
20220339,Maureen Bailey,imgs/male.png,871.121.6636x515,Wendyfort,dwilson@gardner.com,2003-01-24,3rd,Andre Burke,4,CE,C,Male
20200340,Timothy Ward,imgs/female.png,(730)306-4421x21461,Morganmouth,elizabethgreen@gmail.com,2001-01-02,2nd,Jeffrey Richmond,6,IT,C,Female
20210341,Craig Mcmahon,imgs/female.png,782.659.6089x3199,West Elizabeth,hernandezstephen@gmail.com,2007-12-06,1st,Brian Cordova,5,CE,B,Female
20210342,Joseph Smith,imgs/male.png,279.103.3682x963,Jasonborough,lisa04@shaw-parrish.info,2007-03-11,3rd,Guy Clayton,5,CE,A,Male
20200343,William Rogers,imgs/male.png,(765)289-2866,Meganchester,cowanlinda@gmail.com,2000-12-15,1st,Luis Jenkins,6,IT,C,Male
20210344,Paul Ho Jr.,imgs/female.png,890.463.3786x137,West Tammymouth,xsmith@gmail.com,2008-01-25,1st,Shawn Baker,5,ME,C,Female
20220345,Rebecca Perry,imgs/female.png,060.002.5895,Georgeshire,angelamyers@hotmail.com,2006-02-14,2nd,Robert Lane,4,IT,D,Female
20220346,Mark Madden,imgs/female.png,(658)263-1281,Cameronview,james10@smith-carrillo.com,1999-11-27,1st,Joshua Compton,4,IT,A,Female
20210347,Allison Gross,imgs/female.png,523.343.8364x041,Lake Andrew,stevenscaitlin@thomas.com,2001-01-04,4th,Ryan Durham,5,ME,D,Female
20210348,Brian Pope,imgs/female.png,(171)366-5722x40299,North Theresastad,moorejudy@gmail.com,2002-09-18,2nd,Joshua Holmes,5,EEE,C,Female
20220349,Cindy Diaz,imgs/female.png,052.312.4473,West Jeanport,zgraham@gmail.com,2003-09-09,2nd,Michael Clay,4,EEE,A,Female
20220350,James Silva,imgs/male.png,001-942-376-7694x59196,Gonzalezstad,colepamela@hotmail.com,2003-09-27,4th,Edward Serrano,4,CSE,C,Male
20230351,Traci Bell,imgs/male.png,1256253135,Dustinmouth,floresalex@lewis-bradley.com,2003-05-23,2nd,James Guzman,3,CSE,A,Male
20220352,Ashley Ramirez,imgs/female.png,+1-196-655-3307x704,Wilsonmouth,brittany39@mitchell.org,1999-07-06,4th,Duane Skinner,4,ECE,B,Female
20220353,Steven Hull,imgs/female.png,5017164455,Millermouth,longheather@yahoo.com,2007-10-29,2nd,Walter Martinez,4,ECE,D,Female
20230354,Luke Johnson,imgs/female.png,215632135,Lake Mirandaview,williamskevin@murphy-salazar.biz,2004-01-10,3rd,Tim Silva,3,ME,A,Female
20200355,Francisco Hernandez,imgs/female.png,001-671-883-9774,Kendrafort,bakerkenneth@gomez.com,2000-10-04,4th,Johnny Lewis,6,ECE,B,Female
20220356,Julie Cruz,imgs/male.png,153.988.5472x8123,Paulmouth,rlopez@martin-parker.org,2001-03-03,1st,Shawn Mcgee,4,EEE,D,Male
20230357,Steven Lopez,imgs/female.png,7875418156,East Randy,brian45@gmail.com,2000-04-08,1st,Nicholas Henderson,3,CSE,D,Female
20210358,James Wheeler,imgs/female.png,978.610.3131x00943,New Craigbury,olong@hotmail.com,2003-12-30,3rd,Christopher Harris,5,ME,C,Female
20200359,Michele Roberts,imgs/female.png,1289743251,East Martin,suzannewade@yahoo.com,2005-02-11,1st,William Ibarra,6,CE,B,Female
20220360,Philip Smith,imgs/female.png,(790)737-1009x438,Port Dwayne,torresjill@henry-bell.net,2003-10-24,1st,David Ellis,4,ME,D,Female
20220361,Elizabeth Cook,imgs/male.png,971.480.2632x57039,Howardland,rfowler@shelton.net,2002-05-30,2nd,Michael Barron,4,CSE,D,Male
20220362,Jason Mcknight,imgs/female.png,309-859-1679x5410,Hoberg,alexandraroberts@hotmail.com,2002-03-14,3rd,Dwayne Marsh,4,ECE,B,Female
20230363,Andrew Campbell,imgs/male.png,001-107-406-5004,West Natasha,reevesdouglas@gonzalez.com,1999-12-24,1st,Henry Cain,3,CSE,B,Male
20220364,Jenny Rasmussen,imgs/female.png,449-429-6592,West Derek,kevin49@murray.biz,2001-01-24,4th,Jeremy Edwards,4,ECE,B,Female
20220365,Michelle Mcdonald,imgs/female.png,(766)708-0612x94398,Davidside,camposphilip@yahoo.com,1999-07-14,2nd,Phillip Holmes,4,ME,C,Female
20220366,Angela Nelson,imgs/female.png,+1-159-149-7501x9803,New Joy,jeffreylowe@gmail.com,2004-07-20,3rd,Nathan Zuniga,4,ME,A,Female
20220367,Loretta Gonzalez,imgs/female.png,029-181-3317,Port Williamfurt,evanstimothy@wilkins.com,2006-11-26,1st,Luis Reynolds,4,ME,C,Female
20200368,Cathy Cardenas,imgs/female.png,+1-328-837-7441x97546,Wolfeville,jli@gmail.com,2004-04-03,3rd,Justin Smith,6,IT,B,Female
20200369,Matthew Barry,imgs/female.png,+1-705-277-4025x883,Rachelhaven,thompsonedward@hotmail.com,2005-03-16,2nd,Scott Taylor,6,CE,D,Female
20210370,Mary Mclean,imgs/male.png,767-929-8842,Briannashire,bjones@hotmail.com,2002-02-21,1st,Maurice Porter,5,CE,A,Male
20210371,Erica Hall,imgs/male.png,001-312-661-0941x01759,East Manuelmouth,vanessaberry@gmail.com,2002-10-06,4th,Jeffrey Mitchell,5,EEE,D,Male
20210372,Christopher Cervantes,imgs/female.png,190.130.2056,West Jacobhaven,marisahudson@yahoo.com,2007-12-15,2nd,Luke Hansen,5,ME,D,Female
20200373,Austin Patterson,imgs/male.png,(191)284-1173x0985,East Loriport,ewarner@gmail.com,2004-05-01,2nd,Kenneth Castaneda,6,CE,C,Male
20230374,Kathryn Ross,imgs/female.png,8197400564,West Pamela,jamesmontoya@glass-alvarado.com,2003-06-11,3rd,Robert Elliott,3,ECE,D,Female
20220375,Sandy Aguirre,imgs/female.png,(169)918-7240x107,Lake Michael,kimberly30@gmail.com,1999-11-18,3rd,Robert Ferguson,4,CE,D,Female
20210376,Melanie Rojas,imgs/male.png,-8152,Wilsonstad,matthewhull@gmail.com,2003-05-19,3rd,Adam Gutierrez,5,CE,C,Male
20210377,Rhonda Herrera,imgs/female.png,301027240,Michaelbury,catherinemendoza@gmail.com,2000-09-27,3rd,Todd Harris,5,IT,B,Female
20230378,Robin Hurst,imgs/female.png,745.843.8458,North Michaelchester,christian28@gmail.com,2004-08-14,4th,Daniel Watson,3,EEE,C,Female
20220379,Brenda Spence,imgs/male.png,001-771-070-4496x410,Melissafurt,roypatrick@gmail.com,2003-04-02,4th,Cody Jordan,4,ME,C,Male
20210380,Eric Weaver,imgs/female.png,(095)493-0596x601,Farleyport,karmstrong@hotmail.com,2003-11-10,1st,James Reese,5,EEE,A,Female
20220381,Bonnie Smith,imgs/female.png,+1-413-845-9609x45449,North Kurtmouth,scottsmith@gmail.com,2007-05-15,3rd,Ian Little,4,IT,D,Female
20210382,Jennifer Riley,imgs/male.png,498-517-2444,Martinezburgh,halldiamond@cohen.org,2004-10-30,3rd,Mitchell Brown,5,CE,C,Male
20210383,Deanna Scott,imgs/male.png,+1-580-935-1187x18133,Ashleychester,jliu@nguyen.com,2006-05-18,2nd,James Dunlap,5,ECE,A,Male
20210384,Andre Richardson,imgs/male.png,290-193-5889x5369,Lake Jessicafurt,benjaminvictoria@gordon.biz,2001-06-30,1st,Joseph Williams,5,CSE,D,Male
20220385,Joseph Alexander,imgs/female.png,394-353-5375x137,Coxstad,denise93@hartman-hall.com,2003-08-08,1st,Jason Richards,4,IT,B,Female
20200386,David Mitchell,imgs/male.png,116-682-9732x70216,Kathyfort,mollybass@vaughn.com,2008-03-11,4th,Thomas Strong,6,IT,D,Male
20230387,James Hawkins,imgs/male.png,001-415-599-9101x576,Yangchester,ugraves@gmail.com,2008-02-06,3rd,Steven Watkins,3,EEE,C,Male
20200388,Matthew Gray,imgs/male.png,289.413.4750x988,Mitchellfurt,stephaniewilliams@hotmail.com,2003-01-07,2nd,Donald Hobbs,6,CE,A,Male
20210389,Gregory Martin,imgs/female.png,477-324-4913x4213,North Carmen,adamwall@wood.org,2006-09-09,2nd,Joseph Guerra,5,CSE,D,Female
20230390,Brian Mccarthy,imgs/male.png,767-412-4151,Lake Charles,joshua81@watts.com,2008-04-20,3rd,Ryan Guerrero,3,CSE,A,Male
20220391,Amanda Walters,imgs/male.png,3296334727,Lake Tyler,cynthiadavis@vincent.com,2007-10-13,3rd,Daniel Thompson,4,EEE,D,Male
20230392,Dennis James,imgs/male.png,001-357-824-3477,Harperside,colin14@yahoo.com,2007-01-15,4th,Matthew Wilson,3,EEE,B,Male
20200393,Francis Wilson,imgs/female.png,001-627-796-3044x836,New Kelseyview,cmyers@yahoo.com,2006-03-20,2nd,Anthony Washington,6,IT,D,Female
20220394,Mark Williams,imgs/male.png,639.283.1995x298,Lake Andrewfurt,rhonda81@williams.com,2006-02-28,1st,Dave Solis,4,IT,C,Male
20220395,Erin Lewis,imgs/male.png,001-300-081-8670x2440,Lake Kelsey,nelsondavid@rios-anderson.com,2000-11-16,2nd,Jonathan Warner,4,CE,D,Male
20230396,Alicia Newton,imgs/female.png,-11339,West Joshuaborough,tanya97@carter-davis.biz,2004-03-03,1st,Terry Ferguson,3,ME,A,Female
20210397,Alan Crawford,imgs/male.png,(581)739-0637x5791,Martinland,jaredmcmahon@wright.info,2008-05-03,4th,Keith Hall,5,EEE,B,Male
20200398,Darlene Collins,imgs/female.png,205-996-0438x78753,Stevenfort,simmonschris@sherman.net,2001-07-01,4th,Jeffrey Stanton,6,ECE,D,Female
20220399,Jeff Jackson,imgs/female.png,728.660.4164x48595,East Kelly,april47@clark-rivera.com,2002-03-24,3rd,Ronald Smith,4,CE,A,Female
20220400,Chris Jones,imgs/female.png,4331875109,Wheelerland,michaelsmith@gmail.com,2004-02-08,2nd,Thomas Simmons,4,CSE,A,Female
20230401,Holly Wang,imgs/female.png,883-192-1342x491,Port Alexa,barbara99@yahoo.com,2007-06-27,2nd,Aaron Hall,3,ME,C,Female
20200402,Timothy Mendez,imgs/female.png,(270)510-2876,Murphyhaven,annbennett@mccarthy-kelly.net,2004-10-28,3rd,Stephen Wilkinson,6,CE,B,Female
20210403,Theresa Bass,imgs/male.png,001-268-774-1865x205,Townsendstad,christinawalter@gmail.com,2005-12-09,4th,Timothy Cowan,5,ECE,D,Male
20220404,Isaac Lee,imgs/female.png,001-451-548-0940,Darlenefurt,joshua09@roy.org,2007-03-02,4th,John Golden,4,CE,B,Female
20210405,Rhonda Johnson,imgs/male.png,9222161070,Connorside,dianamclaughlin@yahoo.com,2004-10-25,4th,Christopher Andersen,5,CE,C,Male
20200406,Holly Smith,imgs/male.png,+1-660-138-2412x70493,Thompsontown,ann15@yahoo.com,2000-11-23,1st,Joel Wilson,6,CE,B,Male
20210407,Nicholas Lopez,imgs/male.png,001-020-357-1343,West Brian,joshuacunningham@yahoo.com,2003-04-12,3rd,Don Gonzalez,5,CE,D,Male
20200408,Deanna Gonzales,imgs/male.png,759-558-7209,Mooreshire,zreed@hogan.net,2004-01-04,4th,Raymond Scott,6,CSE,D,Male
20200409,Andre Wilson,imgs/female.png,+1-272-795-5969x05150,South Thomas,lopezmichael@gmail.com,2007-05-17,2nd,Paul Gonzales,6,CE,D,Female
20230410,Linda Neal,imgs/male.png,001-673-459-5764x0381,Simmonsview,martingarrett@yahoo.com,2008-05-07,4th,William Walton,3,IT,C,Male
20200411,Gary Choi,imgs/female.png,425-762-7023,West Kyle,michaelakim@sanchez.com,1999-07-08,3rd,Gregory Ruiz,6,CSE,B,Female
20200412,Melissa Durham,imgs/male.png,+1-673-162-5265x46968,West Tracyshire,nicolethompson@wood.net,1999-06-17,4th,Paul Melendez,6,EEE,A,Male
20200413,Brenda Lopez,imgs/male.png,461.562.6244,Leonardfort,susan62@sanders.com,2007-05-05,4th,Gregory Oconnor,6,CSE,C,Male
20230414,Jennifer Roman,imgs/male.png,(529)867-0766,West Ronaldville,kimberly58@yahoo.com,2001-05-01,2nd,William Schmidt,3,IT,D,Male
20220415,Michael Hernandez,imgs/female.png,943-897-6074x01775,New Ginaview,emily08@yahoo.com,2002-06-22,4th,Jason Griffin,4,ME,D,Female
20200416,Andrew Rodriguez,imgs/male.png,001-086-321-8122x7645,Barkerbury,jonesnathan@gmail.com,2001-02-25,3rd,William Miller,6,CSE,B,Male
20230417,Nicole Henderson,imgs/male.png,2416139449,Lake Lauren,blewis@yahoo.com,2002-08-04,2nd,Michael Jacobs,3,CSE,A,Male
20220418,Megan Nelson,imgs/female.png,(306)244-7951x33053,New Keithmouth,amber78@gmail.com,2005-04-08,4th,Gregory Wallace,4,CE,D,Female
20210419,Patrick Clark,imgs/male.png,001-264-609-1785x138,Kevinmouth,njohnson@hotmail.com,2002-04-09,4th,Karl Perry,5,EEE,B,Male
20220420,Nicole Campbell,imgs/male.png,001-736-826-9116x3319,Gregoryburgh,nbell@yahoo.com,2004-03-05,1st,Jack Garcia,4,CSE,D,Male
20200421,Toni Gill,imgs/male.png,888-636-7747x22640,Kathrynburgh,acarpenter@jenkins-fields.org,2003-04-01,2nd,Manuel Duarte,6,CSE,A,Male
20200422,Monique Dougherty,imgs/female.png,932-971-5096x88327,Jenniferbury,mgiles@anderson-brown.com,2002-12-15,1st,Joe Sutton,6,ECE,A,Female
20230423,David Thompson,imgs/female.png,819.523.7100x687,Joneschester,baldwincatherine@hotmail.com,1999-11-02,2nd,Ronald Brown,3,CE,B,Female
20200424,Sandra Hardy,imgs/male.png,5687611249,Lake Garychester,robinpope@gmail.com,2003-12-07,3rd,Martin Jones,6,ECE,C,Male
20220425,Katherine Sanchez,imgs/male.png,547-574-9490x228,Anthonystad,kristopher29@hotmail.com,2004-08-13,3rd,Jeremiah Phillips,4,ECE,B,Male
20230426,Melissa Thomas,imgs/female.png,643-039-4290x4588,Woodsburgh,brendamason@hotmail.com,2005-10-20,3rd,Timothy Wong,3,CSE,B,Female
20230427,Karen Webb,imgs/female.png,(015)343-3249x1357,Hudsontown,michaeljohnson@garcia.net,2000-10-13,1st,Mr. Keith Wright,3,EEE,D,Female
20220428,Patrick Norris,imgs/female.png,+1-337-209-4841x3128,Brucebury,imarshall@flores.com,2002-10-10,4th,Jeremy Alvarez,4,ECE,C,Female
20230429,Kevin George,imgs/male.png,909-617-3997x0469,Travisburgh,ppalmer@yahoo.com,2003-12-05,4th,David Hill,3,ECE,B,Male
20220430,Ellen Alexander,imgs/male.png,001-270-587-7221x64175,East Kimberly,kyletorres@kennedy.com,2002-01-23,4th,Corey Foster,4,CSE,D,Male
20230431,Christopher Bates,imgs/male.png,879-643-4745x24555,Parkershire,zsmith@gmail.com,2006-05-22,4th,Robert Proctor,3,ECE,C,Male
20210432,Alicia Bush,imgs/female.png,445.056.6588,Port Jason,daniel32@yahoo.com,2007-08-05,1st,Kevin Crane,5,ME,C,Female
20200433,Rachael Price,imgs/male.png,001-734-996-0105x485,Mcleanville,nicolejones@hotmail.com,2006-06-22,1st,Shane Lawrence,6,EEE,D,Male
20200434,Kristina Gonzales,imgs/male.png,984-884-0215x57325,Perezstad,ericapadilla@yahoo.com,1999-10-29,2nd,Martin Simmons,6,CE,B,Male
20230435,Rebecca Decker,imgs/male.png,8509608587,Baileyland,mccannkimberly@moore.org,2007-05-27,3rd,Willie Walton,3,EEE,A,Male
20210436,Jessica Hill,imgs/male.png,251.295.7860x694,New Mariatown,marcushernandez@silva.net,2007-03-22,1st,Curtis Underwood,5,IT,D,Male
20210437,Stephanie Espinoza,imgs/male.png,001-232-342-1089,Port Davidstad,monica33@turner.com,2003-05-25,4th,Daniel Kelly,5,ECE,C,Male
20220438,Steven Gonzales,imgs/female.png,(073)607-7633x6911,New Robin,katherinemartinez@yang-howard.com,2006-06-30,4th,William Marsh,4,CE,C,Female
20220439,David Rodriguez,imgs/female.png,006.661.5541x643,Lake Dawnfurt,beanjoshua@hotmail.com,2004-12-06,3rd,Ryan Thompson,4,CE,D,Female
20230440,Joseph Taylor,imgs/male.png,009.345.9626x2282,West Natasha,anthonyharris@garrett-stout.com,2004-11-23,4th,Alexander Johnson,3,EEE,B,Male
20220441,Nicholas Thomas,imgs/female.png,(086)982-2105x31611,Marshallchester,melodypacheco@gmail.com,2004-09-24,4th,Steven Scott,4,CSE,B,Female
20210442,Joshua Krueger,imgs/male.png,+1-177-932-3822x31164,East Jeremyburgh,jennifer79@hotmail.com,2008-03-23,3rd,Stephen Wolf,5,CE,D,Male
20220443,Javier Stanley,imgs/male.png,001-060-320-2032,Morrisshire,mmathews@hotmail.com,2006-05-02,2nd,Daniel Howell,4,EEE,B,Male
20230444,Autumn Ramirez,imgs/male.png,001-855-245-7871x58415,Mayside,perezstephen@martinez.com,2001-07-31,4th,Eric Graham,3,CE,C,Male
20220445,Mrs. Sharon Wagner,imgs/female.png,(832)303-5892x9880,Amberhaven,erik29@bridges.com,2006-08-24,4th,Donald Haley,4,ME,B,Female
20220446,Elizabeth Santana,imgs/male.png,(775)240-1484x39910,Taylorfort,petermoore@myers-lee.com,2000-08-19,2nd,Travis Taylor,4,IT,D,Male
20210447,Nicholas Willis,imgs/male.png,+1-237-245-0184x81973,Evansville,chadwerner@hotmail.com,2005-03-29,1st,Travis Williams,5,CSE,A,Male
20200448,Dawn Sims,imgs/female.png,(927)438-1199x53766,Lake Danielview,danielle56@hotmail.com,2003-09-16,2nd,Bradley Garcia PhD,6,IT,B,Female
20200449,Jon Garza,imgs/male.png,+1-417-899-6986x09191,North Tammybury,tochoa@hotmail.com,2000-02-10,1st,Richard Phelps,6,ECE,D,Male
20220450,Kelly Bentley,imgs/male.png,+1-603-920-5146x0745,Michaelbury,ubowers@yahoo.com,2003-11-29,4th,Christopher Hansen,4,IT,D,Male
20200451,Mariah Yang,imgs/male.png,001-527-155-9835x41165,Fowlerfurt,melissa75@shaffer-huang.com,2002-04-20,4th,Brian Perkins,6,CSE,A,Male
20220452,Melody Castro,imgs/female.png,001-882-691-3119x64258,Randyfurt,christina15@ramos.com,2002-01-26,1st,Donald Simpson,4,CE,D,Female
20210453,Victoria Sanchez,imgs/male.png,732.043.0977,Hawkinsshire,hlopez@ross.biz,2003-11-18,1st,William Lara,5,CE,B,Male
20210454,Jacob Mccullough,imgs/male.png,585.125.3892,Port Valeriefort,aguirrecassandra@hotmail.com,2005-05-11,3rd,Matthew Spencer,5,EEE,C,Male
20230455,Mrs. Laura Brown,imgs/male.png,+1-779-612-0878x057,North Evelyn,ashley09@jordan-duran.com,2006-03-05,3rd,Jesse Ryan,3,ME,D,Male
20210456,Erin Hudson,imgs/male.png,628.950.9059x11918,Crossborough,maryjohnson@chandler-rivera.com,2006-04-19,3rd,Travis Hughes,5,IT,A,Male
20200457,Michael Taylor,imgs/male.png,214-526-4712x46335,West Shannonville,suarezbruce@hotmail.com,2000-06-09,4th,Brendan Smith,6,ME,D,Male
20230458,Mrs. Erin Torres,imgs/male.png,001-951-239-7283,Collinberg,patriciamccarthy@gmail.com,2008-01-24,1st,Robert Johnson,3,IT,B,Male
20200459,Joshua Rubio,imgs/female.png,441-529-8217,New Eric,jmcfarland@yahoo.com,2007-01-20,4th,Michael Jones,6,IT,C,Female
20200460,Charles Horne,imgs/male.png,360.507.9181x5899,Shermanborough,derek34@hotmail.com,2006-09-08,2nd,James Henry,6,ECE,D,Male
20220461,Frank Webb MD,imgs/male.png,408.031.4998x2508,North Tammyfurt,tamara06@romero.com,2003-01-30,1st,Travis Stafford,4,IT,C,Male
20200462,Angel Harris,imgs/male.png,990.063.1403,Traceyfurt,samantha60@thomas.org,2003-10-29,3rd,Jay Duncan,6,CSE,B,Male
20210463,Lori Harris,imgs/female.png,+1-460-666-4374x9060,Andersonbury,wilsonrachel@jones-herrera.com,2003-10-18,1st,Miguel Neal,5,EEE,B,Female
20210464,Dustin Foley,imgs/female.png,116-318-7328x077,North Jeremyfurt,farmerlindsay@graham.info,2001-11-11,3rd,Randy Bates,5,ME,B,Female
20200465,Vanessa Mack,imgs/female.png,001-509-025-4257x3066,West William,courtneyrogers@gonzales.com,2008-06-04,1st,Christopher Payne,6,CSE,D,Female
20210466,Brian Brown,imgs/male.png,809.255.0213x06090,Mackville,elliottcharles@holloway.biz,2004-03-28,3rd,James Kent,5,CE,D,Male
20220467,John Wright,imgs/male.png,+1-772-785-3242x6425,South Lindaberg,ijenkins@archer.com,2002-12-22,3rd,Jason Butler,4,ME,D,Male
20210468,Jill Price,imgs/female.png,(556)283-3339x395,Kelleychester,jason27@gmail.com,2007-02-16,4th,Ross Hampton,5,ME,B,Female
20230469,Amber Robinson,imgs/male.png,-1263,West Tonya,zandrews@hernandez.info,2003-08-12,3rd,Carlos Velazquez,3,ECE,A,Male
20200470,Timothy Salazar,imgs/female.png,001-011-100-0515x5323,Marystad,talvarez@gmail.com,2004-05-12,2nd,Robert Moore,6,ME,B,Female
20230471,Carla Wilson,imgs/female.png,+1-628-874-3127x102,Kennedyfort,willisvanessa@galvan-richards.com,2007-01-16,3rd,Wesley Potts,3,CSE,A,Female
20200472,Stacey Huerta,imgs/female.png,(122)946-2135x415,Smithshire,michaelking@hotmail.com,2004-03-14,4th,Tanner Johnson MD,6,EEE,C,Female
20200473,Matthew Graves,imgs/male.png,765-047-1580x290,West Oscarfort,rjohnson@yahoo.com,2005-10-25,1st,Robert Nash,6,ECE,D,Male
20230474,Jennifer Peterson,imgs/female.png,(483)744-1715x810,Port Kathleen,thompsoncalvin@solis.com,1999-08-30,1st,Glenn Stout,3,CSE,A,Female
20220475,Kevin Sheppard,imgs/male.png,519.102.3121x106,East Brendan,hflores@alvarez.info,2002-08-07,3rd,Nicholas Vargas,4,ME,A,Male
20220476,Jessica Romero,imgs/female.png,234-289-3113,Port Manuel,ralphhuff@guzman-hunter.com,2003-02-23,4th,Roger Moss,4,CSE,B,Female
20210477,Mary Donaldson,imgs/female.png,421-017-5096x170,West Briannastad,jessica57@harmon-castillo.info,2004-07-16,2nd,Erik Duarte,5,ECE,C,Female
20220478,Kevin Williams,imgs/female.png,(677)567-7722x660,Port Levi,bdiaz@whitehead.com,2001-01-17,4th,John Nelson,4,ECE,A,Female
20210479,Jonathan Moore,imgs/female.png,-7856,West Suzanneland,jfranklin@gmail.com,2008-04-04,3rd,Robert Butler,5,ME,C,Female
20230480,Eric Moore,imgs/male.png,+1-496-919-2845x5259,Brownmouth,usanchez@hotmail.com,2003-05-28,3rd,Steven Schultz,3,EEE,B,Male
20230481,Karen Ramirez,imgs/male.png,953-259-3993x37970,Williamville,cindymiller@yahoo.com,2007-04-22,4th,Steven Mullen,3,CSE,B,Male
20220482,Jerry Waters,imgs/male.png,001-425-073-3055x97824,Toddmouth,susanharper@phillips.com,2008-05-03,4th,Douglas Gibbs,4,EEE,D,Male
20220483,Robert Smith,imgs/female.png,324-006-1572x768,New Sean,gilesstephen@gmail.com,2007-02-22,3rd,Kevin Morris,4,ME,B,Female
20220484,Anthony Nguyen,imgs/female.png,525.680.6562x5904,Arielshire,sharpjennifer@brown-jones.com,2001-03-04,2nd,Todd Young,4,ME,C,Female
20210485,Valerie Morgan,imgs/female.png,(517)680-8662x81372,Port Rhondaview,brianvega@williams.com,2007-07-30,3rd,Daniel Hall,5,EEE,D,Female
20210486,Seth Mason,imgs/female.png,660-847-0681x03903,New Travis,perkinsmicheal@gmail.com,2006-03-10,4th,Joshua Herman,5,EEE,D,Female
20220487,Diana Hawkins,imgs/male.png,623.945.3546x14707,Harrisville,vballard@gonzalez.com,2003-01-29,2nd,Robert Ward,4,CE,B,Male
20200488,Mark Knight,imgs/female.png,380-403-2537x657,Guzmanburgh,shoffman@hotmail.com,2003-08-30,2nd,Brian Smith,6,ME,C,Female
20200489,Anthony Smith,imgs/female.png,047-692-1053x365,West Roberttown,roachkevin@yahoo.com,2007-03-17,4th,Stephen Mcbride,6,ECE,C,Female
20210490,Thomas Garner,imgs/female.png,+1-072-011-3798x44097,Lake Heatherborough,bgregory@jimenez.biz,2002-05-30,2nd,Mr. Andrew Brown,5,IT,D,Female
20230491,Diana Campbell,imgs/male.png,340.433.7009x6873,West Michaelstad,xstephens@hotmail.com,2005-10-01,4th,Joshua Flores,3,CE,D,Male
20230492,Jennifer Carpenter,imgs/female.png,(754)278-6561x942,Sandymouth,pamelacooper@hotmail.com,2001-11-25,1st,Joshua Collier,3,EEE,A,Female
20200493,Robert Taylor,imgs/male.png,616.188.0819,West Sarahburgh,tracy55@giles.com,2005-05-28,3rd,Michael Travis,6,ECE,A,Male
20230494,Mathew Moore,imgs/female.png,001-308-172-1436x438,Port Jamestown,david21@king.biz,2005-07-07,4th,Adam Harper,3,CSE,A,Female
20200495,James Torres,imgs/female.png,+1-979-907-0755x047,Mullinsville,stacy70@yahoo.com,2000-02-03,2nd,Dr. Brandon King,6,CE,B,Female
20230496,David Rivas,imgs/female.png,+1-176-539-7054x8739,Davisberg,ljones@hill-cunningham.net,2000-04-05,4th,Bruce Black,3,ME,B,Female
20220497,Jesse Nash,imgs/male.png,4956121377,North Paul,lwilliams@peterson.org,2007-10-29,4th,Jeremy Haynes,4,CSE,C,Male
20230498,Ashley Taylor,imgs/male.png,001-990-775-6085x8167,West Samuelchester,millernatalie@howard.com,2001-06-28,1st,Brandon Lopez,3,IT,B,Male
20220499,Matthew Gardner,imgs/female.png,-2569,East Kevin,watsonwilliam@gmail.com,2001-05-08,3rd,Derek Moreno,4,ME,B,Female
20230500,Robert Flores,imgs/female.png,733.777.3126,East Elizabethhaven,woodsveronica@knight.biz,2005-08-02,4th,Ronald Russell,3,CSE,D,Female
